Sample,Site,Reach,Location,Replicate,Date,Dry Weight + Filter (g),Ash + Filter (g),LOI (g),Depth 1 (cm),Depth 2 (cm),Depth 3 (cm),Depth 4 (cm),Average Depth (cm),Filtered Volume (ml),Sampler Radius (cm),Sampler Area (cm2),Sampler Volume (mL),Total FBPOM (g),Total FBPOM (g/m2),FBPOC (g/m2)
FBPOC,LP,BDA,LWR,1,6/14/2021,0.1329,0.1302,0.0027,24.0,24.2,25.0,24.0,24.3,30,8.750,240.53,5844.8342,0.5260,2.1870,1.14
FBPOC,LP,BDA,LWR,2,6/14/2021,0.1482,0.1396,0.0086,33.4,33.8,33.4,33.0,33.4,30,8.750,240.53,8033.6405,2.3030,9.5747,4.98
FBPOC,LP,BDA,LWR,3,6/14/2021,0.1679,0.1523,0.0156,39.8,37.3,37.6,38.7,38.4,30,8.750,240.53,9224.2548,4.7966,19.9420,10.37
FBPOC,LP,BDA,MID,1,6/14/2021,0.1817,0.1619,0.0198,33.5,33.3,32.8,33.0,33.2,28,8.750,240.53,7973.5084,5.6384,23.4418,12.19
FBPOC,LP,BDA,MID,2,6/14/2021,0.2875,0.2314,0.0561,42.0,42.3,40.3,41.5,41.5,60,8.750,240.53,9987.9317,9.3387,38.8259,20.19
FBPOC,LP,BDA,MID,3,6/14/2021,0.1348,0.1324,0.0024,32.8,31.4,29.0,29.8,30.8,10,8.750,240.53,7396.2408,1.7751,7.3800,3.84
FBPOC,LP,BDA,UPR,1,6/14/2021,0.2298,0.1880,0.0418,32.8,30.0,31.0,32.4,31.6,17,8.750,240.53,7588.6634,18.6592,77.5759,40.34
FBPOC,LP,BDA,UPR,2,6/14/2021,0.2117,0.1870,0.0247,27.9,26.6,28.5,29.0,28.0,40,8.750,240.53,6734.7884,4.1587,17.2900,8.99
FBPOC,LP,BDA,UPR,3,6/14/2021,0.1578,0.1481,0.0097,17.9,17.5,17.6,16.8,17.5,25,8.750,240.53,4197.2163,1.6285,6.7706,3.52
FBPOC,LP,REF,LWR,1,6/14/2021,0.2061,0.1680,0.0381,17.8,18.0,19.4,18.1,18.3,50,8.750,240.53,4407.6785,3.3587,13.9637,7.26
FBPOC,LP,REF,LWR,2,6/14/2021,0.1829,0.1599,0.0230,19.9,20.5,21.5,21.0,20.7,180,8.750,240.53,4984.9461,0.6370,2.6482,1.38
FBPOC,LP,REF,LWR,3,6/14/2021,0.1618,0.1466,0.0152,16.0,16.0,15.9,14.7,15.7,180,8.750,240.53,3764.2657,0.3179,1.3216,0.69
FBPOC,LP,REF,MID,1,6/14/2021,0.1750,0.1607,0.0143,18.0,18.0,16.9,15.8,17.2,50,8.750,240.53,4131.0711,1.1815,4.9120,2.55
FBPOC,LP,REF,MID,2,6/14/2021,0.2753,0.1969,0.0784,18.0,19.5,18.3,20.0,19.0,50,8.750,240.53,4558.0086,7.1470,29.7136,15.45
FBPOC,LP,REF,MID,3,6/14/2021,0.4511,0.3317,0.1194,14.9,14.0,12.9,13.0,13.7,60,8.750,240.53,3295.2358,6.5575,27.2630,14.18
FBPOC,LP,REF,UPR,1,6/14/2021,0.1488,0.1402,0.0086,5.5,6.0,5.0,5.2,5.4,80,8.750,240.53,1304.8653,0.1403,0.5832,0.30
FBPOC,LP,REF,UPR,2,6/14/2021,1.0535,0.6685,0.3850,9.0,7.5,7.5,8.0,8.0,40,8.750,240.53,1924.2253,18.5207,77.0000,40.04
FBPOC,LP,REF,UPR,3,6/14/2021,0.2550,0.2244,0.0306,7.0,6.5,5.7,6.0,6.3,50,8.750,240.53,1515.3274,0.9274,3.8556,2.00
FBPOC,FH,BDA,LWR,1,6/15/2021,0.1665,0.1595,0.0070,54.0,58.5,56.0,56.0,56.1,20,8.750,240.53,13499.6428,4.7249,19.6438,10.21
FBPOC,FH,BDA,LWR,2,6/15/2021,0.1609,0.1563,0.0046,30.0,28.3,25.0,29.0,28.1,30,8.750,240.53,6752.8280,1.0354,4.3048,2.24
FBPOC,FH,BDA,LWR,3,6/15/2021,0.1846,0.1764,0.0082,10.0,11.0,9.0,10.5,10.1,20,8.750,240.53,2435.3476,0.9985,4.1512,2.16
FBPOC,FH,BDA,MID,1,6/15/2021,0.1760,0.1655,0.0105,40.6,38.8,39.7,40.0,39.8,15,8.750,240.53,9567.0075,6.6969,27.8425,14.48
FBPOC,FH,BDA,MID,2,6/15/2021,0.2068,0.1948,0.0120,20.0,21.5,19.0,20.0,20.1,15,8.750,240.53,4840.6292,3.8725,16.1000,8.37
FBPOC,FH,BDA,MID,3,6/15/2021,0.1950,0.1847,0.0103,29.5,30.0,31.5,29.3,30.1,15,8.750,240.53,7233.8843,4.9673,20.6515,10.74
FBPOC,FH,BDA,UPR,1,6/15/2021,0.1715,0.1626,0.0089,32.6,32.5,31.8,30.5,31.9,30,8.750,240.53,7660.8218,2.2727,9.4488,4.91
FBPOC,FH,BDA,UPR,2,6/15/2021,0.1777,0.1702,0.0075,31.5,31.9,29.5,30.5,30.9,40,8.750,240.53,7420.2937,1.3913,5.7844,3.01
FBPOC,FH,BDA,UPR,3,6/15/2021,0.1464,0.1433,0.0031,25.5,27.3,27.0,25.8,26.4,30,8.750,240.53,6349.9434,0.6562,2.7280,1.42
FBPOC,FH,REF,LWR,1,6/15/2021,0.1730,0.1675,0.0055,11.0,13.0,12.0,10.5,11.6,20,8.750,240.53,2796.1398,0.7689,3.1969,1.66
FBPOC,FH,REF,LWR,2,6/15/2021,0.1543,0.1509,0.0034,13.9,13.9,15.0,15.0,14.5,20,8.750,240.53,3475.6319,0.5909,2.4565,1.28
FBPOC,FH,REF,LWR,3,6/15/2021,0.1473,0.1428,0.0045,22.5,23.0,20.0,22.8,22.1,80,8.750,240.53,5309.6591,0.2987,1.2417,0.65
FBPOC,FH,REF,MID,1,6/15/2021,0.1429,0.1390,0.0039,14.0,13.8,14.8,14.0,14.2,90,8.750,240.53,3403.4734,0.1475,0.6132,0.32
FBPOC,FH,REF,MID,2,6/15/2021,0.1507,0.1475,0.0032,11.0,10.0,10.0,10.9,10.5,100,8.750,240.53,2519.5324,0.0806,0.3352,0.17
FBPOC,FH,REF,MID,3,6/15/2021,0.1436,0.1403,0.0033,12.0,10.0,11.5,11.0,11.1,100,8.750,240.53,2675.8758,0.0883,0.3671,0.19
FBPOC,FH,REF,UPR,1,6/15/2021,0.1656,0.1591,0.0065,4.5,5.0,4.7,3.2,4.4,20,8.750,240.53,1046.2975,0.3400,1.4138,0.74
FBPOC,FH,REF,UPR,2,6/15/2021,0.1481,0.1439,0.0042,11.5,8.0,10.8,12.0,10.6,90,8.750,240.53,2543.5853,0.1187,0.4935,0.26
FBPOC,FH,REF,UPR,3,6/15/2021,0.1636,0.1569,0.0067,15.0,14.0,14.5,14.5,14.5,80,8.750,240.53,3487.6583,0.2921,1.2144,0.63
FBPOC,TP,BDA,LWR,1,6/17/2021,0.1591,0.1535,0.0056,41.5,47.3,43.2,41.0,43.3,21,8.750,240.53,10402.8428,2.7741,11.5333,6.00
FBPOC,TP,BDA,LWR,2,6/17/2021,0.1846,0.1759,0.0087,38.5,37.5,37.3,35.5,37.2,50,8.750,240.53,8947.6475,1.5569,6.4728,3.37
FBPOC,TP,BDA,LWR,3,6/17/2021,0.1792,0.1714,0.0078,32.5,32.5,32.3,31.5,32.2,11,8.750,240.53,7745.0067,5.4919,22.8327,11.87
FBPOC,TP,BDA,MID,1,6/17/2021,0.2323,0.2153,0.0170,43.4,40.5,42.4,43.4,42.4,13,8.750,240.53,10204.4071,13.3442,55.4788,28.85
FBPOC,TP,BDA,MID,2,6/17/2021,0.1677,0.1618,0.0059,57.0,55.0,56.4,54.5,55.7,49,8.750,240.53,13403.4316,1.6139,6.7097,3.49
FBPOC,TP,BDA,MID,3,6/17/2021,0.1652,0.1592,0.0060,40.8,40.5,41.4,40.5,40.8,7,8.750,240.53,9813.5488,8.4116,34.9714,18.19
FBPOC,TP,BDA,UPR,1,6/17/2021,0.1751,0.1699,0.0052,18.7,19.5,20.0,17.0,18.8,8,8.750,240.53,4521.9294,2.9393,12.2200,6.35
FBPOC,TP,BDA,UPR,2,6/17/2021,0.1692,0.1644,0.0048,20.8,20.5,23.8,22.0,21.8,7,8.750,240.53,5237.5006,3.5914,14.9314,7.76
FBPOC,TP,BDA,UPR,3,6/17/2021,0.1843,0.1794,0.0049,23.6,21.0,22.8,24.0,22.9,4,8.750,240.53,5496.0684,6.7327,27.9912,14.56
FBPOC,TP,REF,LWR,1,6/17/2021,0.1461,0.1420,0.0041,46.5,47.0,46.6,45.5,46.4,65,8.750,240.53,11160.5065,0.7040,2.9268,1.52
FBPOC,TP,REF,LWR,2,6/17/2021,0.1534,0.1486,0.0048,36.5,36.5,36.0,36.0,36.3,85,8.750,240.53,8719.1457,0.4924,2.0471,1.06
FBPOC,TP,REF,LWR,3,6/17/2021,0.1599,0.1520,0.0079,45.0,46.0,45.0,44.0,45.0,75,8.750,240.53,10823.7671,1.1401,4.7400,2.46
FBPOC,TP,REF,MID,1,6/17/2021,0.1705,0.1594,0.0111,32.0,32.7,31.8,33.0,32.4,13,8.750,240.53,7787.0991,6.6490,27.6433,14.37
FBPOC,TP,REF,MID,2,6/17/2021,0.1693,0.1579,0.0114,25.0,25.5,24.0,25.2,24.9,18,8.750,240.53,5995.1643,3.7969,15.7858,8.21
FBPOC,TP,REF,MID,3,6/17/2021,0.1703,0.1584,0.0119,44.5,45.2,45.6,46.5,45.5,25,8.750,240.53,10932.0048,5.2036,21.6342,11.25
FBPOC,TP,REF,UPR,1,6/17/2021,0.1508,0.1435,0.0073,32.5,31.4,30.3,30.8,31.3,51,8.750,240.53,7516.5049,1.0759,4.4730,2.33
FBPOC,TP,REF,UPR,2,6/17/2021,0.1684,0.1578,0.0106,14.0,14.0,12.0,13.5,13.4,26,8.750,240.53,3217.0641,1.3116,5.4529,2.84
FBPOC,TP,REF,UPR,3,6/17/2021,0.1575,0.1504,0.0071,42.5,42.3,41.3,40.5,41.7,75,8.750,240.53,10017.9978,0.9484,3.9429,2.05
FBPOC,LP,BDA,LWR,1,7/5/2021,0.1736,0.1577,0.0159,32.0,33.0,31.5,31.0,31.9,20,8.750,240.53,7666.8350,6.0951,25.3406,13.18
FBPOC,LP,BDA,LWR,2,7/5/2021,0.1501,0.1398,0.0103,32.5,34.0,33.5,32.0,33.0,30,8.750,240.53,7937.4292,2.7252,11.3300,5.89
FBPOC,LP,BDA,LWR,3,7/5/2021,0.1712,0.1513,0.0199,25.0,24.0,25.0,25.0,24.8,30,8.750,240.53,5953.0719,3.9489,16.4175,8.54
FBPOC,LP,BDA,MID,1,7/5/2021,0.2150,0.1877,0.0273,29.5,29.5,27.5,29.0,28.9,40,8.750,240.53,6945.2505,4.7401,19.7072,10.25
FBPOC,LP,BDA,MID,2,7/5/2021,0.1555,0.1454,0.0101,25.0,24.0,25.0,25.0,24.8,50,8.750,240.53,5953.0719,1.2025,4.9995,2.60
FBPOC,LP,BDA,MID,3,7/5/2021,0.1946,0.1685,0.0261,26.5,25.5,25.0,25.0,25.5,40,8.750,240.53,6133.4680,4.0021,16.6388,8.65
FBPOC,LP,BDA,UPR,1,7/5/2021,0.2276,0.1919,0.0357,30.5,29.5,28.5,30.0,29.6,40,8.750,240.53,7125.6467,6.3596,26.4403,13.75
FBPOC,LP,BDA,UPR,2,7/5/2021,0.1750,0.1600,0.0150,24.0,24.0,24.5,24.0,24.1,50,8.750,240.53,5802.7418,1.7408,7.2375,3.76
FBPOC,LP,BDA,UPR,3,7/5/2021,0.2136,0.1955,0.0181,17.5,16.0,18.5,19.0,17.8,40,8.750,240.53,4269.3748,1.9319,8.0319,4.18
FBPOC,LP,REF,LWR,1,7/5/2021,0.1730,0.1521,0.0209,15.0,17.0,18.0,19.0,17.3,30,8.750,240.53,4149.1107,2.8905,12.0175,6.25
FBPOC,LP,REF,LWR,2,7/5/2021,0.1525,0.1423,0.0102,14.0,14.0,15.0,15.0,14.5,50,8.750,240.53,3487.6583,0.7115,2.9580,1.54
FBPOC,LP,REF,LWR,3,7/5/2021,0.1460,0.1388,0.0072,10.0,10.0,10.0,9.5,9.9,50,8.750,240.53,2375.2156,0.3420,1.4220,0.74
FBPOC,LP,REF,MID,1,7/5/2021,0.1756,0.1577,0.0179,17.0,16.0,18.0,18.5,17.4,50,8.750,240.53,4179.1767,1.4961,6.2203,3.23
FBPOC,LP,REF,MID,2,7/5/2021,0.1733,0.1532,0.0201,18.0,17.0,17.0,18.0,17.5,10,8.750,240.53,4209.2428,8.4606,35.1750,18.29
FBPOC,LP,REF,MID,3,7/5/2021,0.2001,0.1685,0.0316,16.0,15.0,15.0,16.5,15.6,50,8.750,240.53,3758.2525,2.3752,9.8750,5.14
FBPOC,LP,REF,UPR,1,7/5/2021,0.1694,0.1501,0.0193,19.0,19.0,20.0,19.5,19.4,50,8.750,240.53,4660.2330,1.7988,7.4787,3.89
FBPOC,LP,REF,UPR,2,7/5/2021,0.1880,0.1587,0.0293,7.0,9.0,7.0,8.0,7.8,20,8.750,240.53,1864.0932,2.7309,11.3538,5.90
FBPOC,LP,REF,UPR,3,7/5/2021,0.1410,0.1351,0.0059,15.0,14.0,15.0,13.5,14.4,200,8.750,240.53,3457.5923,0.1020,0.4241,0.22
FBPOC,FH,BDA,LWR,1,7/6/2021,0.2242,0.2007,0.0235,34.5,32.0,34.0,33.5,33.5,10,8.750,240.53,8057.6933,18.9356,78.7250,40.94
FBPOC,FH,BDA,LWR,2,7/6/2021,0.1742,0.1641,0.0101,15.0,17.0,15.0,17.0,16.0,50,8.750,240.53,3848.4505,0.7774,3.2320,1.68
FBPOC,FH,BDA,LWR,3,7/6/2021,0.1966,0.1812,0.0154,30.0,27.0,25.0,27.5,27.4,1000,8.750,240.53,6584.4583,0.1014,0.4216,0.22
FBPOC,FH,BDA,MID,1,7/6/2021,0.1818,0.1666,0.0152,23.0,22.0,24.5,24.5,23.5,5,8.750,240.53,5652.4117,17.1833,71.4400,37.15
FBPOC,FH,BDA,MID,2,7/6/2021,0.2078,0.1900,0.0178,17.0,17.0,17.0,16.5,16.9,10,8.750,240.53,4058.9127,7.2249,30.0375,15.62
FBPOC,FH,BDA,MID,3,7/6/2021,0.1730,0.1610,0.0120,20.0,20.0,19.5,20.5,20.0,10,8.750,240.53,4810.5631,5.7727,24.0000,12.48
FBPOC,FH,BDA,UPR,1,7/6/2021,0.1860,0.1731,0.0129,19.5,18.0,19.0,19.0,18.9,10,8.750,240.53,4539.9690,5.8566,24.3488,12.66
FBPOC,FH,BDA,UPR,2,7/6/2021,0.1632,0.1549,0.0083,17.0,18.0,16.5,17.5,17.3,20,8.750,240.53,4149.1107,1.7219,7.1588,3.72
FBPOC,FH,BDA,UPR,3,7/6/2021,0.1739,0.1631,0.0108,15.0,13.0,15.0,15.0,14.5,20,8.750,240.53,3487.6583,1.8833,7.8300,4.07
FBPOC,FH,REF,LWR,1,7/6/2021,0.1697,0.1611,0.0086,17.0,18.0,16.0,18.0,17.3,75,8.750,240.53,4149.1107,0.4758,1.9780,1.03
FBPOC,FH,REF,LWR,2,7/6/2021,0.1850,0.1725,0.0125,10.0,10.0,8.0,9.5,9.4,50,8.750,240.53,2254.9515,0.5637,2.3438,1.22
FBPOC,FH,REF,LWR,3,7/6/2021,0.1833,0.1737,0.0096,8.5,8.0,8.0,7.0,7.9,75,8.750,240.53,1894.1592,0.2425,1.0080,0.52
FBPOC,FH,REF,MID,1,7/6/2021,0.1364,0.1324,0.0040,12.0,12.0,14.0,14.0,13.0,200,8.750,240.53,3126.8660,0.0625,0.2600,0.14
FBPOC,FH,REF,MID,2,7/6/2021,0.1592,0.1501,0.0091,20.0,23.0,18.0,19.0,20.0,75,8.750,240.53,4810.5631,0.5837,2.4267,1.26
FBPOC,FH,REF,MID,3,7/6/2021,0.1493,0.1450,0.0043,14.0,13.0,12.0,13.0,13.0,100,8.750,240.53,3126.8660,0.1345,0.5590,0.29
FBPOC,FH,REF,UPR,1,7/6/2021,0.1497,0.1449,0.0048,10.0,10.0,11.0,11.0,10.5,100,8.750,240.53,2525.5457,0.1212,0.5040,0.26
FBPOC,FH,REF,UPR,2,7/6/2021,0.1666,0.1595,0.0071,9.0,9.0,10.0,9.5,9.4,30,8.750,240.53,2254.9515,0.5337,2.2188,1.15
FBPOC,FH,REF,UPR,3,7/6/2021,0.1705,0.1629,0.0076,8.0,9.5,10.0,9.5,9.3,30,8.750,240.53,2224.8855,0.5636,2.3433,1.22
FBPOC,TP,BDA,LWR,1,7/8/2021,0.1657,0.1576,0.0081,58.0,58.0,57.0,57.0,57.5,30,8.750,240.53,13830.3691,3.7342,15.5250,8.07
FBPOC,TP,BDA,LWR,2,7/8/2021,0.2027,0.1879,0.0148,20.0,20.0,20.0,19.0,19.8,30,8.750,240.53,4750.4311,2.3435,9.7433,5.07
FBPOC,TP,BDA,LWR,3,7/8/2021,0.2249,0.2069,0.0180,15.0,15.0,14.5,13.0,14.4,10,8.750,240.53,3457.5923,6.2237,25.8750,13.46
FBPOC,TP,BDA,MID,1,7/8/2021,0.2002,0.1873,0.0129,39.0,39.0,38.5,39.0,38.9,5,8.750,240.53,9350.5321,24.1244,100.2975,52.15
FBPOC,TP,BDA,MID,2,7/8/2021,0.1710,0.1636,0.0074,28.0,29.0,29.0,28.0,28.5,5,8.750,240.53,6855.0525,10.1455,42.1800,21.93
FBPOC,TP,BDA,MID,3,7/8/2021,0.1814,0.1738,0.0076,39.5,39.0,37.0,38.5,38.5,40,8.750,240.53,9260.3341,1.7595,7.3150,3.80
FBPOC,TP,BDA,UPR,1,7/8/2021,0.1803,0.1755,0.0048,10.0,9.0,10.0,9.0,9.5,5,8.750,240.53,2285.0175,2.1936,9.1200,4.74
FBPOC,TP,BDA,UPR,2,7/8/2021,0.1686,0.1645,0.0041,14.5,16.0,14.0,14.0,14.6,5,8.750,240.53,3517.7243,2.8845,11.9925,6.24
FBPOC,TP,BDA,UPR,3,7/8/2021,0.1608,0.1575,0.0033,13.5,16.0,16.0,16.0,15.4,10,8.750,240.53,3698.1204,1.2204,5.0738,2.64
FBPOC,TP,REF,LWR,1,7/8/2021,0.1797,0.1671,0.0126,16.5,16.5,16.5,17.0,16.6,10,8.750,240.53,3998.7806,5.0385,20.9475,10.89
FBPOC,TP,REF,LWR,2,7/8/2021,0.1569,0.1494,0.0075,40.5,40.0,41.0,41.5,40.8,70,8.750,240.53,9801.5224,1.0502,4.3661,2.27
FBPOC,TP,REF,LWR,3,7/8/2021,0.1606,0.1509,0.0097,22.0,21.5,22.0,21.5,21.8,50,8.750,240.53,5231.4874,1.0149,4.2195,2.19
FBPOC,TP,REF,MID,1,7/8/2021,0.1742,0.1605,0.0137,15.5,13.0,14.0,14.0,14.1,20,8.750,240.53,3397.4602,2.3273,9.6756,5.03
FBPOC,TP,REF,MID,2,7/8/2021,0.1942,0.1752,0.0190,18.0,18.0,17.0,18.0,17.8,10,8.750,240.53,4269.3748,8.1118,33.7250,17.54
FBPOC,TP,REF,MID,3,7/8/2021,0.1549,0.1465,0.0084,19.0,16.5,19.0,19.5,18.5,15,8.750,240.53,4449.7709,2.4919,10.3600,5.39
FBPOC,TP,REF,UPR,1,7/8/2021,0.1676,0.1588,0.0088,27.0,25.5,26.0,27.0,26.4,50,8.750,240.53,6343.9302,1.1165,4.6420,2.41
FBPOC,TP,REF,UPR,2,7/8/2021,0.1823,0.1691,0.0132,18.0,16.5,16.0,15.0,16.4,30,8.750,240.53,3938.6486,1.7330,7.2050,3.75
FBPOC,TP,REF,UPR,3,7/8/2021,0.1421,0.1376,0.0045,9.0,12.0,13.0,12.5,11.6,100,8.750,240.53,2796.1398,0.1258,0.5231,0.27
FBPOC,LP,BDA,LWR,1,8/2/2021,0.2038,0.1477,0.0561,30.0,29.0,30.0,31.0,30.0,20,8.750,240.53,7215.8447,20.2404,84.1500,43.76
FBPOC,LP,BDA,LWR,2,8/2/2021,0.1646,0.1513,0.0133,32.0,32.5,31.0,31.5,31.8,20,8.750,240.53,7636.7690,5.0785,21.1138,10.98
FBPOC,LP,BDA,LWR,3,8/2/2021,0.1683,0.1513,0.0170,26.5,27.0,27.0,27.5,27.0,20,8.750,240.53,6494.2602,5.5201,22.9500,11.93
FBPOC,LP,BDA,MID,1,8/2/2021,0.1857,0.1640,0.0217,26.0,26.5,26.5,27.0,26.5,20,8.750,240.53,6373.9962,6.9158,28.7525,14.95
FBPOC,LP,BDA,MID,2,8/2/2021,0.1708,0.1537,0.0171,31.0,29.5,30.0,29.0,29.9,20,8.750,240.53,7185.7787,6.1438,25.5431,13.28
FBPOC,LP,BDA,MID,3,8/2/2021,0.2821,0.2242,0.0579,23.5,24.0,25.0,23.0,23.9,10,8.750,240.53,5742.6098,33.2497,138.2363,71.88
FBPOC,LP,BDA,UPR,1,8/2/2021,0.1726,0.1552,0.0174,24.5,24.5,24.5,25.0,24.6,10,8.750,240.53,5923.0059,10.3060,42.8475,22.28
FBPOC,LP,BDA,UPR,2,8/2/2021,0.1597,0.1453,0.0144,24.5,23.5,23.0,25.0,24.0,20,8.750,240.53,5772.6758,4.1563,17.2800,8.99
FBPOC,LP,BDA,UPR,3,8/2/2021,0.1770,0.1572,0.0198,17.0,17.0,17.0,18.0,17.3,10,8.750,240.53,4149.1107,8.2152,34.1550,17.76
FBPOC,LP,REF,LWR,1,8/2/2021,0.1568,0.1436,0.0132,11.0,19.0,17.5,15.0,15.6,20,8.750,240.53,3758.2525,2.4804,10.3125,5.36
FBPOC,LP,REF,LWR,2,8/2/2021,0.1727,0.1533,0.0194,24.0,25.0,22.0,24.5,23.9,20,8.750,240.53,5742.6098,5.5703,23.1588,12.04
FBPOC,LP,REF,LWR,3,8/2/2021,0.1566,0.1455,0.0111,12.0,14.0,14.5,13.0,13.4,30,8.750,240.53,3217.0641,1.1903,4.9488,2.57
FBPOC,LP,REF,MID,1,8/2/2021,0.1953,0.1678,0.0275,20.0,19.5,19.0,18.0,19.1,20,8.750,240.53,4600.1010,6.3251,26.2969,13.67
FBPOC,LP,REF,MID,2,8/2/2021,0.1545,0.1431,0.0114,15.0,14.5,14.0,15.5,14.8,20,8.750,240.53,3547.7903,2.0222,8.4075,4.37
FBPOC,LP,REF,MID,3,8/2/2021,0.1968,0.1655,0.0313,14.0,14.0,13.0,14.0,13.8,20,8.750,240.53,3307.2622,5.1759,21.5188,11.19
FBPOC,LP,REF,UPR,1,8/2/2021,0.1842,0.1636,0.0206,3.0,4.0,4.0,4.0,3.8,20,8.750,240.53,901.9806,0.9290,3.8625,2.01
FBPOC,LP,REF,UPR,2,8/2/2021,0.1555,0.1439,0.0116,8.0,5.0,6.0,9.0,7.0,30,8.750,240.53,1683.6971,0.6510,2.7067,1.41
FBPOC,LP,REF,UPR,3,8/2/2021,0.1327,0.1300,0.0027,4.0,8.0,8.0,8.0,7.0,50,8.750,240.53,1683.6971,0.0909,0.3780,0.20
FBPOC,FH,BDA,LWR,1,8/3/2021,0.2792,0.2481,0.0311,31.0,30.0,29.5,30.5,30.3,10,8.750,240.53,7275.9768,22.6283,94.0775,48.92
FBPOC,FH,BDA,LWR,2,8/3/2021,0.1333,0.1314,0.0019,8.0,8.0,7.5,9.0,8.1,10,8.750,240.53,1954.2913,0.3713,1.5438,0.80
FBPOC,FH,BDA,LWR,3,8/3/2021,0.1640,0.1538,0.0102,22.0,22.0,22.0,22.0,22.0,20,8.750,240.53,5291.6195,2.6987,11.2200,5.83
FBPOC,FH,BDA,MID,1,8/3/2021,0.2028,0.1844,0.0184,30.0,26.0,32.0,29.5,29.4,5,8.750,240.53,7065.5146,26.0011,108.1000,56.21
FBPOC,FH,BDA,MID,2,8/3/2021,0.2369,0.2080,0.0289,12.5,13.0,13.0,12.0,12.6,5,8.750,240.53,3036.6680,17.5519,72.9725,37.95
FBPOC,FH,BDA,MID,3,8/3/2021,0.1815,0.1676,0.0139,15.0,15.0,15.0,15.0,15.0,5,8.750,240.53,3607.9224,10.0300,41.7000,21.68
FBPOC,FH,BDA,UPR,1,8/3/2021,0.3402,0.1675,0.1727,28.0,27.0,26.5,27.0,27.1,20,8.750,240.53,6524.3263,56.3376,234.2244,121.80
FBPOC,FH,BDA,UPR,2,8/3/2021,0.3875,0.1522,0.2353,19.0,18.0,17.5,18.0,18.1,20,8.750,240.53,4359.5729,51.2904,213.2406,110.89
FBPOC,FH,BDA,UPR,3,8/3/2021,0.1686,0.1580,0.0106,21.0,19.0,20.0,19.5,19.9,20,8.750,240.53,4780.4971,2.5337,10.5338,5.48
FBPOC,FH,REF,LWR,1,8/3/2021,0.1656,0.1565,0.0091,11.5,10.0,13.0,12.0,11.6,100,8.750,240.53,2796.1398,0.2544,1.0579,0.55
FBPOC,FH,REF,LWR,2,8/3/2021,0.1732,0.1702,0.0030,14.0,14.0,13.5,14.0,13.9,100,8.750,240.53,3337.3282,0.1001,0.4163,0.22
FBPOC,FH,REF,LWR,3,8/3/2021,0.2389,0.1511,0.0878,13.0,13.0,12.0,14.0,13.0,20,8.750,240.53,3126.8660,13.7269,57.0700,29.68
FBPOC,FH,REF,MID,1,8/3/2021,0.1291,0.1269,0.0022,11.5,12.0,11.0,10.5,11.3,100,8.750,240.53,2705.9418,0.0595,0.2475,0.13
FBPOC,FH,REF,MID,2,8/3/2021,0.1369,0.1341,0.0028,10.0,9.0,9.5,10.0,9.6,100,8.750,240.53,2315.0835,0.0648,0.2695,0.14
FBPOC,FH,REF,MID,3,8/3/2021,0.1422,0.1382,0.0040,10.0,9.5,10.5,10.0,10.0,200,8.750,240.53,2405.2816,0.0481,0.2000,0.10
FBPOC,FH,REF,UPR,1,8/3/2021,0.1333,0.1322,0.0011,7.0,8.0,7.0,9.0,7.8,50,8.750,240.53,1864.0932,0.0410,0.1705,0.09
FBPOC,FH,REF,UPR,2,8/3/2021,0.1460,0.1418,0.0042,7.5,9.5,9.0,9.5,8.9,50,8.750,240.53,2134.6874,0.1793,0.7455,0.39
FBPOC,FH,REF,UPR,3,8/3/2021,0.1485,0.1450,0.0035,7.0,8.0,8.5,9.0,8.1,50,8.750,240.53,1954.2913,0.1368,0.5688,0.30
FBPOC,TP,BDA,LWR,1,8/5/2021,0.1600,0.1537,0.0063,44.0,44.5,44.5,43.0,44.0,10,8.750,240.53,10583.2389,6.6674,27.7200,14.41
FBPOC,TP,BDA,LWR,2,8/5/2021,0.2137,0.1970,0.0167,13.0,13.0,12.0,14.0,13.0,5,8.750,240.53,3126.8660,10.4437,43.4200,22.58
FBPOC,TP,BDA,LWR,3,8/5/2021,0.2503,0.2082,0.0421,23.0,24.0,24.0,22.0,23.3,10,8.750,240.53,5592.2797,23.5435,97.8825,50.90
FBPOC,TP,BDA,MID,1,8/5/2021,0.1834,0.1747,0.0087,27.0,20.0,24.0,26.0,24.3,5,8.750,240.53,5832.8078,10.1491,42.1950,21.94
FBPOC,TP,BDA,MID,2,8/5/2021,0.3313,0.2975,0.0338,18.0,15.0,15.0,16.0,16.0,5,8.750,240.53,3848.4505,26.0155,108.1600,56.24
FBPOC,TP,BDA,MID,3,8/5/2021,0.2225,0.2070,0.0155,18.0,15.0,15.0,15.0,15.8,5,8.750,240.53,3788.3185,11.7438,48.8250,25.39
FBPOC,TP,BDA,UPR,1,8/5/2021,0.1859,0.1805,0.0054,10.0,10.0,9.0,10.0,9.8,3,8.750,240.53,2345.1495,4.2213,17.5500,9.13
FBPOC,TP,BDA,UPR,2,8/5/2021,0.2171,0.2047,0.0124,9.0,9.0,11.0,10.0,9.8,5,8.750,240.53,2345.1495,5.8160,24.1800,12.57
FBPOC,TP,BDA,UPR,3,8/5/2021,0.1479,0.1455,0.0024,9.0,9.0,10.0,11.0,9.8,30,8.750,240.53,2345.1495,0.1876,0.7800,0.41
FBPOC,TP,REF,LWR,1,8/5/2021,0.1389,0.1351,0.0038,34.5,31.5,33.0,33.0,33.0,20,8.750,240.53,7937.4292,1.5081,6.2700,3.26
FBPOC,TP,REF,LWR,2,8/5/2021,0.1749,0.1615,0.0134,12.5,13.0,13.0,12.0,12.6,20,8.750,240.53,3036.6680,2.0346,8.4588,4.40
FBPOC,TP,REF,LWR,3,8/5/2021,0.1731,0.1597,0.0134,20.0,18.0,17.0,17.0,18.0,20,8.750,240.53,4329.5068,2.9008,12.0600,6.27
FBPOC,TP,REF,MID,1,8/5/2021,0.2188,0.1923,0.0265,17.0,15.0,13.5,14.0,14.9,10,8.750,240.53,3577.8563,9.4813,39.4188,20.50
FBPOC,TP,REF,MID,2,8/5/2021,0.1772,0.1623,0.0149,23.0,20.0,20.0,20.0,20.8,10,8.750,240.53,4990.9593,7.4365,30.9175,16.08
FBPOC,TP,REF,MID,3,8/5/2021,0.1473,0.1409,0.0064,18.0,18.5,18.0,18.0,18.1,30,8.750,240.53,4359.5729,0.9300,3.8667,2.01
FBPOC,TP,REF,UPR,1,8/5/2021,0.1529,0.1446,0.0083,23.0,22.0,23.0,23.0,22.8,10,8.750,240.53,5472.0156,4.5418,18.8825,9.82
FBPOC,TP,REF,UPR,2,8/5/2021,0.1462,0.1398,0.0064,28.0,25.0,25.0,26.0,26.0,20,8.750,240.53,6253.7321,2.0012,8.3200,4.33
FBPOC,TP,REF,UPR,3,8/5/2021,0.1425,0.1377,0.0048,40.0,41.5,41.0,40.0,40.6,50,8.750,240.53,9771.4564,0.9381,3.9000,2.03