Sample,Type,Site,Reach,Location,Replicate,Date,Dry Weight (g),Tin Weight (g),Subsample Dry Weight + Tin (g),Subsample Dry Weight (g),Tin + Ash (g),Ash (g),Subsample AFDM (g), Sample OM (g),Sampler Radius (cm),Sampler Area (cm^2),CPOM (g/m^2),Carbon Mass CPOM (g/m^2)
CBPOC,SUSPENDED,LP,BDA,LWR,1,6/14/2021,0.1205,0.9336,0.0000,0.0000,0.9566,0.0230,0.0000,0.0975,8.75,240.53,11.14,5.79
CBPOC,SUSPENDED,LP,BDA,LWR,2,6/14/2021,0.1104,0.9367,0.0000,0.0000,0.9552,0.0185,0.0000,0.0919,8.75,240.53,10.50,5.46
CBPOC,SUSPENDED,LP,BDA,LWR,3,6/14/2021,0.0276,0.9345,0.0000,0.0000,0.9388,0.0043,0.0000,0.0233,8.75,240.53,2.66,1.38
CBPOC,SUSPENDED,LP,BDA,MID,1,6/14/2021,0.3199,0.9345,0.0000,0.0000,0.9971,0.0626,0.0000,0.2573,8.75,240.53,29.41,15.29
CBPOC,SUSPENDED,LP,BDA,MID,2,6/14/2021,0.5657,0.9330,0.0000,0.0000,1.0572,0.1242,0.0000,0.4415,8.75,240.53,50.46,26.24
CBPOC,SUSPENDED,LP,BDA,MID,3,6/14/2021,1.5274,0.9379,0.0000,0.0000,1.2527,0.3148,0.0000,1.2126,8.75,240.53,138.58,72.06
CBPOC,SUSPENDED,LP,BDA,UPR,1,6/14/2021,3.8280,0.9319,1.4744,0.5425,1.0140,0.0821,0.4604,3.2487,8.75,240.53,371.28,193.06
CBPOC,SUSPENDED,LP,BDA,UPR,2,6/14/2021,0.4496,0.9348,0.0000,0.0000,0.9829,0.0481,0.0000,0.4015,8.75,240.53,45.89,23.86
CBPOC,SUSPENDED,LP,BDA,UPR,3,6/14/2021,0.6897,0.9344,0.0000,0.0000,1.2302,0.2958,0.0000,0.3939,8.75,240.53,45.02,23.41
CBPOC,SUSPENDED,LP,REF,LWR,1,6/14/2021,0.1931,0.9343,0.0000,0.0000,0.9483,0.0140,0.0000,0.1791,8.75,240.53,20.47,10.64
CBPOC,SUSPENDED,LP,REF,LWR,2,6/14/2021,0.1007,0.9319,0.0000,0.0000,0.9403,0.0084,0.0000,0.0923,8.75,240.53,10.55,5.49
CBPOC,SUSPENDED,LP,REF,LWR,3,6/14/2021,0.0879,0.9346,0.0000,0.0000,0.9425,0.0079,0.0000,0.0800,8.75,240.53,9.14,4.75
CBPOC,SUSPENDED,LP,REF,MID,1,6/14/2021,11.3730,0.9318,1.9606,1.0288,1.0117,0.0799,0.9489,10.4897,8.75,240.53,1198.83,623.39
CBPOC,SUSPENDED,LP,REF,MID,2,6/14/2021,5.2545,0.9381,1.7902,0.8521,1.0416,0.1035,0.7486,4.6163,8.75,240.53,527.57,274.34
CBPOC,SUSPENDED,LP,REF,MID,3,6/14/2021,0.7991,0.9339,0.0000,0.0000,1.0541,0.1202,0.0000,0.6789,8.75,240.53,77.59,40.35
CBPOC,SUSPENDED,LP,REF,UPR,1,6/14/2021,0.0380,0.9361,0.0000,0.0000,0.9386,0.0025,0.0000,0.0355,8.75,240.53,4.06,2.11
CBPOC,SUSPENDED,LP,REF,UPR,2,6/14/2021,6.1195,0.9370,1.5279,0.5909,1.0140,0.0770,0.5139,5.3221,8.75,240.53,608.24,316.28
CBPOC,SUSPENDED,LP,REF,UPR,3,6/14/2021,0.2137,0.9351,0.0000,0.0000,0.9563,0.0212,0.0000,0.1925,8.75,240.53,22.00,11.44
CBPOC,SUSPENDED,FH,BDA,LWR,1,6/15/2021,0.0000,0.0000,0.0000,0.0000,0.0000,0.0000,0.0000,0.0000,8.75,240.53,0.00,0.00
CBPOC,SUSPENDED,FH,BDA,LWR,2,6/15/2021,0.0000,0.0000,0.0000,0.0000,0.0000,0.0000,0.0000,0.0000,8.75,240.53,0.00,0.00
CBPOC,SUSPENDED,FH,BDA,LWR,3,6/15/2021,0.1202,0.9351,0.0000,0.0000,0.9948,0.0597,0.0000,0.0605,8.75,240.53,6.91,3.60
CBPOC,SUSPENDED,FH,BDA,MID,1,6/15/2021,0.0422,0.9300,0.0000,0.0000,0.9394,0.0094,0.0000,0.0328,8.75,240.53,3.75,1.95
CBPOC,SUSPENDED,FH,BDA,MID,2,6/15/2021,0.0750,0.9315,0.0000,0.0000,0.9434,0.0119,0.0000,0.0631,8.75,240.53,7.21,3.75
CBPOC,SUSPENDED,FH,BDA,MID,3,6/15/2021,0.0000,0.0000,0.0000,0.0000,0.0000,0.0000,0.0000,0.0000,8.75,240.53,0.00,0.00
CBPOC,SUSPENDED,FH,BDA,UPR,1,6/15/2021,0.7963,0.9376,0.0000,0.0000,1.0624,0.1248,0.0000,0.6715,8.75,240.53,76.74,39.91
CBPOC,SUSPENDED,FH,BDA,UPR,2,6/15/2021,0.0113,0.9372,0.0000,0.0000,0.9378,0.0006,0.0000,0.0107,8.75,240.53,1.22,0.64
CBPOC,SUSPENDED,FH,BDA,UPR,3,6/15/2021,0.0100,0.9331,0.0000,0.0000,0.9338,0.0007,0.0000,0.0093,8.75,240.53,1.06,0.55
CBPOC,SUSPENDED,FH,REF,LWR,1,6/15/2021,0.0353,0.9312,0.0000,0.0000,0.9362,0.0050,0.0000,0.0303,8.75,240.53,3.46,1.80
CBPOC,SUSPENDED,FH,REF,LWR,2,6/15/2021,0.0353,0.9307,0.0000,0.0000,0.9450,0.0143,0.0000,0.0210,8.75,240.53,2.40,1.25
CBPOC,SUSPENDED,FH,REF,LWR,3,6/15/2021,0.0065,0.9323,0.0000,0.0000,0.9324,0.0001,0.0000,0.0064,8.75,240.53,0.73,0.38
CBPOC,SUSPENDED,FH,REF,MID,1,6/15/2021,0.2523,0.9316,0.0000,0.0000,0.9593,0.0277,0.0000,0.2246,8.75,240.53,25.67,13.35
CBPOC,SUSPENDED,FH,REF,MID,2,6/15/2021,0.0923,0.9300,0.0000,0.0000,0.9383,0.0083,0.0000,0.0840,8.75,240.53,9.60,4.99
CBPOC,SUSPENDED,FH,REF,MID,3,6/15/2021,0.0021,0.9306,0.0000,0.0000,0.9301,-0.0005,0.0000,0.0026,8.75,240.53,0.30,0.15
CBPOC,SUSPENDED,FH,REF,UPR,1,6/15/2021,0.6430,0.9299,0.0000,0.0000,0.9393,0.0094,0.0000,0.6336,8.75,240.53,72.41,37.65
CBPOC,SUSPENDED,FH,REF,UPR,2,6/15/2021,0.0000,0.0000,0.0000,0.0000,0.0000,0.0000,0.0000,0.0000,8.75,240.53,0.00,0.00
CBPOC,SUSPENDED,FH,REF,UPR,3,6/15/2021,0.0078,0.9353,0.0000,0.0000,0.9403,0.0050,0.0000,0.0028,8.75,240.53,0.32,0.17
CBPOC,SUSPENDED,TP,BDA,LWR,1,6/17/2021,0.5707,0.9354,0.0000,0.0000,1.0126,0.0772,0.0000,0.4935,8.75,240.53,56.40,29.33
CBPOC,SUSPENDED,TP,BDA,LWR,2,6/17/2021,0.0863,0.9360,0.0000,0.0000,0.9457,0.0097,0.0000,0.0766,8.75,240.53,8.75,4.55
CBPOC,SUSPENDED,TP,BDA,LWR,3,6/17/2021,1.3350,0.9332,0.0000,0.0000,1.4793,0.5461,0.0000,0.7889,8.75,240.53,90.16,46.88
CBPOC,SUSPENDED,TP,BDA,MID,1,6/17/2021,2.0799,0.9312,0.0000,0.0000,1.5315,0.6003,0.0000,1.4796,8.75,240.53,169.10,87.93
CBPOC,SUSPENDED,TP,BDA,MID,2,6/17/2021,0.1932,0.9326,0.0000,0.0000,0.9499,0.0173,0.0000,0.1759,8.75,240.53,20.10,10.45
CBPOC,SUSPENDED,TP,BDA,MID,3,6/17/2021,1.7476,0.9360,0.0000,0.0000,1.4650,0.5290,0.0000,1.2186,8.75,240.53,139.27,72.42
CBPOC,SUSPENDED,TP,BDA,UPR,1,6/17/2021,0.3451,0.9292,0.0000,0.0000,0.9872,0.0580,0.0000,0.2871,8.75,240.53,32.81,17.06
CBPOC,SUSPENDED,TP,BDA,UPR,2,6/17/2021,1.1551,0.9315,0.0000,0.0000,1.2564,0.3249,0.0000,0.8302,8.75,240.53,94.88,49.34
CBPOC,SUSPENDED,TP,BDA,UPR,3,6/17/2021,0.0000,0.0000,0.0000,0.0000,0.0000,0.0000,0.0000,0.0000,8.75,240.53,0.00,0.00
CBPOC,SUSPENDED,TP,REF,LWR,1,6/17/2021,0.0000,0.0000,0.0000,0.0000,0.0000,0.0000,0.0000,0.0000,8.75,240.53,0.00,0.00
CBPOC,SUSPENDED,TP,REF,LWR,2,6/17/2021,0.0602,0.9349,0.0000,0.0000,0.9532,0.0183,0.0000,0.0419,8.75,240.53,4.79,2.49
CBPOC,SUSPENDED,TP,REF,LWR,3,6/17/2021,0.2306,0.9327,0.0000,0.0000,1.0384,0.1057,0.0000,0.1249,8.75,240.53,14.27,7.42
CBPOC,SUSPENDED,TP,REF,MID,1,6/17/2021,2.0991,0.9361,0.0000,0.0000,1.2350,0.2989,0.0000,1.8002,8.75,240.53,205.74,106.98
CBPOC,SUSPENDED,TP,REF,MID,2,6/17/2021,0.0565,0.9352,0.0000,0.0000,0.9568,0.0216,0.0000,0.0349,8.75,240.53,3.99,2.07
CBPOC,SUSPENDED,TP,REF,MID,3,6/17/2021,0.1712,0.9286,0.0000,0.0000,0.9474,0.0188,0.0000,0.1524,8.75,240.53,17.42,9.06
CBPOC,SUSPENDED,TP,REF,UPR,1,6/17/2021,0.2374,0.9335,0.0000,0.0000,0.9766,0.0431,0.0000,0.1943,8.75,240.53,22.21,11.55
CBPOC,SUSPENDED,TP,REF,UPR,2,6/17/2021,0.0899,0.9367,0.0000,0.0000,0.9504,0.0137,0.0000,0.0762,8.75,240.53,8.71,4.53
CBPOC,SUSPENDED,TP,REF,UPR,3,6/17/2021,0.0000,0.0000,0.0000,0.0000,0.0000,0.0000,0.0000,0.0000,8.75,240.53,0.00,0.00
CBPOC,SUSPENDED,LP,BDA,LWR,1,7/5/2021,0.2723,0.9328,0.0000,0.0000,1.0031,0.0703,0.0000,0.2020,8.75,240.53,23.09,12.00
CBPOC,SUSPENDED,LP,BDA,LWR,2,7/5/2021,0.2258,0.9315,0.0000,0.0000,0.9740,0.0425,0.0000,0.1833,8.75,240.53,20.95,10.89
CBPOC,SUSPENDED,LP,BDA,LWR,3,7/5/2021,0.4803,0.9322,0.0000,0.0000,0.9812,0.0490,0.0000,0.4313,8.75,240.53,49.29,25.63
CBPOC,SUSPENDED,LP,BDA,MID,1,7/5/2021,0.0919,0.9359,0.0000,0.0000,0.9563,0.0204,0.0000,0.0715,8.75,240.53,8.17,4.25
CBPOC,SUSPENDED,LP,BDA,MID,2,7/5/2021,0.1467,0.9313,0.0000,0.0000,0.9575,0.0262,0.0000,0.1205,8.75,240.53,13.77,7.16
CBPOC,SUSPENDED,LP,BDA,MID,3,7/5/2021,1.9769,0.9301,0.0000,0.0000,1.6459,0.7158,0.0000,1.2611,8.75,240.53,144.13,74.95
CBPOC,SUSPENDED,LP,BDA,UPR,1,7/5/2021,0.4208,0.9320,0.0000,0.0000,0.9814,0.0494,0.0000,0.3714,8.75,240.53,42.45,22.07
CBPOC,SUSPENDED,LP,BDA,UPR,2,7/5/2021,0.1619,0.9311,0.0000,0.0000,0.9951,0.0640,0.0000,0.0979,8.75,240.53,11.19,5.82
CBPOC,SUSPENDED,LP,BDA,UPR,3,7/5/2021,0.0505,0.9314,0.0000,0.0000,0.9539,0.0225,0.0000,0.0280,8.75,240.53,3.20,1.66
CBPOC,SUSPENDED,LP,REF,LWR,1,7/5/2021,0.2011,0.9353,0.0000,0.0000,0.9687,0.0334,0.0000,0.1677,8.75,240.53,19.17,9.97
CBPOC,SUSPENDED,LP,REF,LWR,2,7/5/2021,0.0000,0.0000,0.0000,0.0000,0.0000,0.0000,0.0000,0.0000,8.75,240.53,0.00,0.00
CBPOC,SUSPENDED,LP,REF,LWR,3,7/5/2021,0.0310,0.9379,0.0000,0.0000,0.9460,0.0081,0.0000,0.0229,8.75,240.53,2.62,1.36
CBPOC,SUSPENDED,LP,REF,MID,1,7/5/2021,0.6192,0.9372,0.0000,0.0000,1.0268,0.0896,0.0000,0.5296,8.75,240.53,60.53,31.47
CBPOC,SUSPENDED,LP,REF,MID,2,7/5/2021,0.5706,0.9372,0.0000,0.0000,1.0062,0.0690,0.0000,0.5016,8.75,240.53,57.33,29.81
CBPOC,SUSPENDED,LP,REF,MID,3,7/5/2021,1.1542,0.9294,0.0000,0.0000,1.0667,0.1373,0.0000,1.0169,8.75,240.53,116.22,60.43
CBPOC,SUSPENDED,LP,REF,UPR,1,7/5/2021,0.0725,0.9352,0.0000,0.0000,0.9442,0.0090,0.0000,0.0635,8.75,240.53,7.26,3.77
CBPOC,SUSPENDED,LP,REF,UPR,2,7/5/2021,0.9205,0.9317,0.0000,0.0000,1.0750,0.1433,0.0000,0.7772,8.75,240.53,88.82,46.19
CBPOC,SUSPENDED,LP,REF,UPR,3,7/5/2021,0.0000,0.0000,0.0000,0.0000,0.0000,0.0000,0.0000,0.0000,8.75,240.53,0.00,0.00
CBPOC,SUSPENDED,FH,BDA,LWR,1,7/6/2021,1.3766,0.9334,0.0000,0.0000,1.3505,0.4171,0.0000,0.9595,8.75,240.53,109.66,57.02
CBPOC,SUSPENDED,FH,BDA,LWR,2,7/6/2021,0.0071,0.9364,0.0000,0.0000,0.9376,0.0012,0.0000,0.0059,8.75,240.53,0.67,0.35
CBPOC,SUSPENDED,FH,BDA,LWR,3,7/6/2021,0.0125,0.9367,0.0000,0.0000,0.9384,0.0017,0.0000,0.0108,8.75,240.53,1.23,0.64
CBPOC,SUSPENDED,FH,BDA,MID,1,7/6/2021,1.2572,0.9322,0.0000,0.0000,1.2328,0.3006,0.0000,0.9566,8.75,240.53,109.33,56.85
CBPOC,SUSPENDED,FH,BDA,MID,2,7/6/2021,0.2550,0.9319,0.0000,0.0000,1.0142,0.0823,0.0000,0.1727,8.75,240.53,19.74,10.26
CBPOC,SUSPENDED,FH,BDA,MID,3,7/6/2021,0.4469,0.9321,0.0000,0.0000,1.0196,0.0875,0.0000,0.3594,8.75,240.53,41.07,21.36
CBPOC,SUSPENDED,FH,BDA,UPR,1,7/6/2021,1.2875,0.9338,0.0000,0.0000,1.2295,0.2957,0.0000,0.9918,8.75,240.53,113.35,58.94
CBPOC,SUSPENDED,FH,BDA,UPR,2,7/6/2021,1.4316,0.9366,0.0000,0.0000,1.2372,0.3006,0.0000,1.1310,8.75,240.53,129.26,67.21
CBPOC,SUSPENDED,FH,BDA,UPR,3,7/6/2021,0.8642,0.9342,0.0000,0.0000,1.1169,0.1827,0.0000,0.6815,8.75,240.53,77.89,40.50
CBPOC,SUSPENDED,FH,REF,LWR,1,7/6/2021,0.0103,0.9333,0.0000,0.0000,0.9333,0.0000,0.0000,0.0103,8.75,240.53,1.18,0.61
CBPOC,SUSPENDED,FH,REF,LWR,2,7/6/2021,0.0082,0.9311,0.0000,0.0000,0.9311,0.0000,0.0000,0.0082,8.75,240.53,0.94,0.49
CBPOC,SUSPENDED,FH,REF,LWR,3,7/6/2021,0.0022,0.9334,0.0000,0.0000,0.9329,-0.0005,0.0000,0.0027,8.75,240.53,0.31,0.16
CBPOC,SUSPENDED,FH,REF,MID,1,7/6/2021,0.0179,0.9342,0.0000,0.0000,0.9350,0.0008,0.0000,0.0171,8.75,240.53,1.95,1.02
CBPOC,SUSPENDED,FH,REF,MID,2,7/6/2021,0.0279,0.9350,0.0000,0.0000,0.9401,0.0051,0.0000,0.0228,8.75,240.53,2.61,1.35
CBPOC,SUSPENDED,FH,REF,MID,3,7/6/2021,0.0118,0.9338,0.0000,0.0000,0.9353,0.0015,0.0000,0.0103,8.75,240.53,1.18,0.61
CBPOC,SUSPENDED,FH,REF,UPR,1,7/6/2021,0.0000,0.0000,0.0000,0.0000,0.0000,0.0000,0.0000,0.0000,8.75,240.53,0.00,0.00
CBPOC,SUSPENDED,FH,REF,UPR,2,7/6/2021,0.0014,0.9361,0.0000,0.0000,0.9359,-0.0002,0.0000,0.0016,8.75,240.53,0.18,0.10
CBPOC,SUSPENDED,FH,REF,UPR,3,7/6/2021,0.0116,0.9375,0.0000,0.0000,0.9387,0.0012,0.0000,0.0104,8.75,240.53,1.19,0.62
CBPOC,SUSPENDED,TP,BDA,LWR,1,7/8/2021,0.0127,0.9339,0.0000,0.0000,0.9350,0.0011,0.0000,0.0116,8.75,240.53,1.33,0.69
CBPOC,SUSPENDED,TP,BDA,LWR,2,7/8/2021,0.1450,0.9363,0.0000,0.0000,1.0064,0.0701,0.0000,0.0749,8.75,240.53,8.56,4.45
CBPOC,SUSPENDED,TP,BDA,LWR,3,7/8/2021,0.8621,0.9358,0.0000,0.0000,1.1933,0.2575,0.0000,0.6046,8.75,240.53,69.10,35.93
CBPOC,SUSPENDED,TP,BDA,MID,1,7/8/2021,0.8208,0.9359,0.0000,0.0000,1.1118,0.1759,0.0000,0.6449,8.75,240.53,73.70,38.33
CBPOC,SUSPENDED,TP,BDA,MID,2,7/8/2021,0.1765,0.9352,0.0000,0.0000,0.9730,0.0378,0.0000,0.1387,8.75,240.53,15.85,8.24
CBPOC,SUSPENDED,TP,BDA,MID,3,7/8/2021,0.0044,0.9326,0.0000,0.0000,0.9340,0.0014,0.0000,0.0030,8.75,240.53,0.34,0.18
CBPOC,SUSPENDED,TP,BDA,UPR,1,7/8/2021,0.0244,0.9351,0.0000,0.0000,0.9414,0.0063,0.0000,0.0181,8.75,240.53,2.07,1.08
CBPOC,SUSPENDED,TP,BDA,UPR,2,7/8/2021,0.0047,0.9321,0.0000,0.0000,0.9335,0.0014,0.0000,0.0033,8.75,240.53,0.38,0.20
CBPOC,SUSPENDED,TP,BDA,UPR,3,7/8/2021,0.0072,0.9353,0.0000,0.0000,0.9374,0.0021,0.0000,0.0051,8.75,240.53,0.58,0.30
CBPOC,SUSPENDED,TP,REF,LWR,1,7/8/2021,0.1464,0.9338,0.0000,0.0000,0.9856,0.0518,0.0000,0.0946,8.75,240.53,10.81,5.62
CBPOC,SUSPENDED,TP,REF,LWR,2,7/8/2021,0.0000,0.0000,0.0000,0.0000,0.0000,0.0000,0.0000,0.0000,8.75,240.53,0.00,0.00
CBPOC,SUSPENDED,TP,REF,LWR,3,7/8/2021,0.1706,0.9345,0.0000,0.0000,0.9949,0.0604,0.0000,0.1102,8.75,240.53,12.59,6.55
CBPOC,SUSPENDED,TP,REF,MID,1,7/8/2021,0.2278,0.9327,0.0000,0.0000,0.9820,0.0493,0.0000,0.1785,8.75,240.53,20.40,10.61
CBPOC,SUSPENDED,TP,REF,MID,2,7/8/2021,0.6676,0.9361,0.0000,0.0000,0.9518,0.0157,0.0000,0.6519,8.75,240.53,74.50,38.74
CBPOC,SUSPENDED,TP,REF,MID,3,7/8/2021,0.0579,0.9334,0.0000,0.0000,0.9514,0.0180,0.0000,0.0399,8.75,240.53,4.56,2.37
CBPOC,SUSPENDED,TP,REF,UPR,1,7/8/2021,0.0000,0.0000,0.0000,0.0000,0.0000,0.0000,0.0000,0.0000,8.75,240.53,0.00,0.00
CBPOC,SUSPENDED,TP,REF,UPR,2,7/8/2021,0.0944,0.9366,0.0000,0.0000,0.9547,0.0181,0.0000,0.0763,8.75,240.53,8.72,4.53
CBPOC,SUSPENDED,TP,REF,UPR,3,7/8/2021,0.0015,0.9365,0.0000,0.0000,0.9365,0.0000,0.0000,0.0015,8.75,240.53,0.17,0.09
CBPOC,SUSPENDED,LP,BDA,LWR,1,8/2/2021,1.1067,0.9353,0.0000,0.0000,0.9678,0.0325,0.0000,1.0742,8.75,240.53,122.77,63.84
CBPOC,SUSPENDED,LP,BDA,LWR,2,8/2/2021,0.9976,0.9337,0.0000,0.0000,0.9453,0.0116,0.0000,0.9860,8.75,240.53,112.69,58.60
CBPOC,SUSPENDED,LP,BDA,LWR,3,8/2/2021,1.4363,0.9292,0.0000,0.0000,1.0127,0.0835,0.0000,1.3528,8.75,240.53,154.61,80.39
CBPOC,SUSPENDED,LP,BDA,MID,1,8/2/2021,1.5888,0.9277,0.0000,0.0000,1.0473,0.1196,0.0000,1.4692,8.75,240.53,167.91,87.31
CBPOC,SUSPENDED,LP,BDA,MID,2,8/2/2021,1.1793,0.9368,0.0000,0.0000,0.9810,0.0442,0.0000,1.1351,8.75,240.53,129.73,67.46
CBPOC,SUSPENDED,LP,BDA,MID,3,8/2/2021,2.7900,0.9348,0.0000,0.0000,1.3106,0.3758,0.0000,2.4142,8.75,240.53,275.91,143.47
CBPOC,SUSPENDED,LP,BDA,UPR,1,8/2/2021,2.5600,0.9298,0.0000,0.0000,1.1364,0.2066,0.0000,2.3534,8.75,240.53,268.96,139.86
CBPOC,SUSPENDED,LP,BDA,UPR,2,8/2/2021,2.1500,0.9278,0.0000,0.0000,1.0883,0.1605,0.0000,1.9895,8.75,240.53,227.37,118.23
CBPOC,SUSPENDED,LP,BDA,UPR,3,8/2/2021,4.4600,1.0280,0.0000,0.0000,1.4683,0.4403,0.0000,4.0197,8.75,240.53,459.39,238.89
CBPOC,SUSPENDED,LP,REF,LWR,1,8/2/2021,1.2001,0.9295,0.0000,0.0000,0.9620,0.0325,0.0000,1.1676,8.75,240.53,133.44,69.39
CBPOC,SUSPENDED,LP,REF,LWR,2,8/2/2021,1.2250,0.9330,0.0000,0.0000,0.9887,0.0557,0.0000,1.1693,8.75,240.53,133.63,69.49
CBPOC,SUSPENDED,LP,REF,LWR,3,8/2/2021,1.1368,0.9313,0.0000,0.0000,0.9698,0.0385,0.0000,1.0983,8.75,240.53,125.52,65.27
CBPOC,SUSPENDED,LP,REF,MID,1,8/2/2021,2.5866,0.9340,0.0000,0.0000,1.2141,0.2801,0.0000,2.3065,8.75,240.53,263.60,137.07
CBPOC,SUSPENDED,LP,REF,MID,2,8/2/2021,2.5600,0.9325,0.0000,0.0000,1.2278,0.2953,0.0000,2.2647,8.75,240.53,258.82,134.59
CBPOC,SUSPENDED,LP,REF,MID,3,8/2/2021,3.6700,0.9271,0.0000,0.0000,1.3399,0.4128,0.0000,3.2572,8.75,240.53,372.25,193.57
CBPOC,SUSPENDED,LP,REF,UPR,1,8/2/2021,1.0975,0.9314,0.0000,0.0000,0.9678,0.0364,0.0000,1.0611,8.75,240.53,121.27,63.06
CBPOC,SUSPENDED,LP,REF,UPR,2,8/2/2021,1.0570,0.9305,0.0000,0.0000,0.9540,0.0235,0.0000,1.0335,8.75,240.53,118.11,61.42
CBPOC,SUSPENDED,LP,REF,UPR,3,8/2/2021,0.9418,0.9356,0.0000,0.0000,0.9356,0.0000,0.0000,0.9418,8.75,240.53,107.63,55.97
CBPOC,SUSPENDED,FH,BDA,LWR,1,8/3/2021,1.5321,0.9314,0.0000,0.0000,1.0540,0.1226,0.0000,1.4095,8.75,240.53,161.09,83.76
CBPOC,SUSPENDED,FH,BDA,LWR,2,8/3/2021,0.9464,0.9367,0.0000,0.0000,0.9395,0.0028,0.0000,0.9436,8.75,240.53,107.84,56.08
CBPOC,SUSPENDED,FH,BDA,LWR,3,8/3/2021,0.9904,0.9340,0.0000,0.0000,0.9431,0.0091,0.0000,0.9813,8.75,240.53,112.15,58.32
CBPOC,SUSPENDED,FH,BDA,MID,1,8/3/2021,1.5796,0.9341,0.0000,0.0000,1.0579,0.1238,0.0000,1.4558,8.75,240.53,166.38,86.52
CBPOC,SUSPENDED,FH,BDA,MID,2,8/3/2021,1.5615,0.9215,0.0000,0.0000,1.0714,0.1499,0.0000,1.4116,8.75,240.53,161.33,83.89
CBPOC,SUSPENDED,FH,BDA,MID,3,8/3/2021,2.9340,0.9362,0.0000,0.0000,1.4286,0.4924,0.0000,2.4416,8.75,240.53,279.04,145.10
CBPOC,SUSPENDED,FH,BDA,UPR,1,8/3/2021,1.7220,0.9311,0.0000,0.0000,1.0803,0.1492,0.0000,1.5728,8.75,240.53,179.75,93.47
CBPOC,SUSPENDED,FH,BDA,UPR,2,8/3/2021,0.9735,0.9362,0.0000,0.0000,0.9428,0.0066,0.0000,0.9669,8.75,240.53,110.50,57.46
CBPOC,SUSPENDED,FH,BDA,UPR,3,8/3/2021,1.0479,0.9313,0.0000,0.0000,0.9517,0.0204,0.0000,1.0275,8.75,240.53,117.43,61.06
CBPOC,SUSPENDED,FH,REF,LWR,1,8/3/2021,0.9301,0.9293,0.0000,0.0000,0.9289,-0.0004,0.0000,0.9305,8.75,240.53,106.34,55.30
CBPOC,SUSPENDED,FH,REF,LWR,2,8/3/2021,0.0000,0.0000,0.0000,0.0000,0.0000,0.0000,0.0000,0.0000,8.75,240.53,0.00,0.00
CBPOC,SUSPENDED,FH,REF,LWR,3,8/3/2021,0.9401,0.9366,0.0000,0.0000,0.9361,-0.0005,0.0000,0.9406,8.75,240.53,107.50,55.90
CBPOC,SUSPENDED,FH,REF,MID,1,8/3/2021,0.9331,0.9318,0.0000,0.0000,0.9310,-0.0008,0.0000,0.9339,8.75,240.53,106.73,55.50
CBPOC,SUSPENDED,FH,REF,MID,2,8/3/2021,0.0000,0.0000,0.0000,0.0000,0.0000,0.0000,0.0000,0.0000,8.75,240.53,0.00,0.00
CBPOC,SUSPENDED,FH,REF,MID,3,8/3/2021,0.9929,0.9356,0.0000,0.0000,0.9467,0.0111,0.0000,0.9818,8.75,240.53,112.21,58.35
CBPOC,SUSPENDED,FH,REF,UPR,1,8/3/2021,0.0000,0.0000,0.0000,0.0000,0.0000,0.0000,0.0000,0.0000,8.75,240.53,0.00,0.00
CBPOC,SUSPENDED,FH,REF,UPR,2,8/3/2021,0.9392,0.9351,0.0000,0.0000,0.9354,0.0003,0.0000,0.9389,8.75,240.53,107.30,55.80
CBPOC,SUSPENDED,FH,REF,UPR,3,8/3/2021,0.9380,0.9383,0.0000,0.0000,0.9376,-0.0007,0.0000,0.9387,8.75,240.53,107.28,55.79
CBPOC,SUSPENDED,TP,BDA,LWR,1,8/5/2021,1.0161,0.9343,0.0000,0.0000,0.9538,0.0195,0.0000,0.9966,8.75,240.53,113.90,59.23
CBPOC,SUSPENDED,TP,BDA,LWR,2,8/5/2021,0.9934,0.9343,0.0000,0.0000,0.9491,0.0148,0.0000,0.9786,8.75,240.53,111.84,58.16
CBPOC,SUSPENDED,TP,BDA,LWR,3,8/5/2021,1.2008,0.9346,0.0000,0.0000,0.9957,0.0611,0.0000,1.1397,8.75,240.53,130.25,67.73
CBPOC,SUSPENDED,TP,BDA,MID,1,8/5/2021,1.0083,0.9306,0.0000,0.0000,0.9551,0.0245,0.0000,0.9838,8.75,240.53,112.43,58.47
CBPOC,SUSPENDED,TP,BDA,MID,2,8/5/2021,1.8934,0.9352,0.0000,0.0000,1.2769,0.3417,0.0000,1.5517,8.75,240.53,177.34,92.22
CBPOC,SUSPENDED,TP,BDA,MID,3,8/5/2021,2.6109,0.9304,0.0000,0.0000,1.3024,0.3720,0.0000,2.2389,8.75,240.53,255.87,133.05
CBPOC,SUSPENDED,TP,BDA,UPR,1,8/5/2021,0.9561,0.9329,0.0000,0.0000,0.9363,0.0034,0.0000,0.9527,8.75,240.53,108.88,56.62
CBPOC,SUSPENDED,TP,BDA,UPR,2,8/5/2021,1.3522,0.9348,0.0000,0.0000,0.9887,0.0539,0.0000,1.2983,8.75,240.53,148.38,77.16
CBPOC,SUSPENDED,TP,BDA,UPR,3,8/5/2021,0.0000,0.0000,0.0000,0.0000,0.0000,0.0000,0.0000,0.0000,8.75,240.53,0.00,0.00
CBPOC,SUSPENDED,TP,REF,LWR,1,8/5/2021,0.9634,0.9323,0.0000,0.0000,0.9372,0.0049,0.0000,0.9585,8.75,240.53,109.54,56.96
CBPOC,SUSPENDED,TP,REF,LWR,2,8/5/2021,0.9427,0.9355,0.0000,0.0000,0.9362,0.0007,0.0000,0.9420,8.75,240.53,107.66,55.98
CBPOC,SUSPENDED,TP,REF,LWR,3,8/5/2021,1.1071,0.9369,0.0000,0.0000,0.9674,0.0305,0.0000,1.0766,8.75,240.53,123.04,63.98
CBPOC,SUSPENDED,TP,REF,MID,1,8/5/2021,1.0399,0.9326,0.0000,0.0000,0.9500,0.0174,0.0000,1.0225,8.75,240.53,116.86,60.77
CBPOC,SUSPENDED,TP,REF,MID,2,8/5/2021,1.3508,0.9345,0.0000,0.0000,1.0349,0.1004,0.0000,1.2504,8.75,240.53,142.90,74.31
CBPOC,SUSPENDED,TP,REF,MID,3,8/5/2021,0.0000,0.0000,0.0000,0.0000,0.0000,0.0000,0.0000,0.0000,8.75,240.53,0.00,0.00
CBPOC,SUSPENDED,TP,REF,UPR,1,8/5/2021,0.0000,0.0000,0.0000,0.0000,0.0000,0.0000,0.0000,0.0000,8.75,240.53,0.00,0.00
CBPOC,SUSPENDED,TP,REF,UPR,2,8/5/2021,0.0000,0.0000,0.0000,0.0000,0.0000,0.0000,0.0000,0.0000,8.75,240.53,0.00,0.00
CBPOC,SUSPENDED,TP,REF,UPR,3,8/5/2021,0.0000,0.0000,0.0000,0.0000,0.0000,0.0000,0.0000,0.0000,8.75,240.53,0.00,0.00