"X","Time","Site","Chamber","CO2_slope","R2_CO2","Reach","AvgTemp","Baro_pressure_atm","Soil_Moisture_wfv","Soil_Moisture_Percent","Soil_Temp_C","EC","CO2am","CO2_flux_micrograms","CO2_flux_g","Date"
1,"2021-06-07","LP","1",8.76934940550007,0.997043373574664,"BDA",24.4,0.9543548311,0.4,40,18.9,0.26,4.11314836782422,48502.7761551045,1.16406662772251,"06/07/2021"
2,"2021-06-07","LP","2",14.6371597394444,0.997214979329316,"BDA",24.9,0.9543548311,0.45,45,19.1,0.32,6.85384493447858,80821.4236226691,1.93971416694406,"06/07/2021"
3,"2021-06-07","LP","3",10.160312718111,0.997736618873877,"BDA",15.5333333333333,0.9543548311,0.337,33.7,19.3,0.18,4.91200779402877,57923.0295628586,1.39015270950861,"06/07/2021"
4,"2021-06-07","LP","4",10.4582543876482,0.996676612138911,"BDA",24.8,0.9543548311,0.51,51,19.5,0.54,4.89871838045374,57766.3190836295,1.38639165800711,"06/07/2021"
5,"2021-06-07","LP","6",5.39028025879628,0.99988800293751,"BDA",16.8666666666667,0.9543548311,0.581,58.1,19.7,0.42,2.59394662273142,30588.1531978834,0.734115676749202,"06/07/2021"
6,"2021-06-07","LP","7",8.71360908659262,0.999840994212164,"REF",12.3666666666667,0.9543548311,0.631,63.1,19.7,0.43,4.25934477260538,50226.7430198185,1.20544183247564,"06/07/2021"
7,"2021-06-07","LP","8",8.22597055044447,0.988162192928079,"REF",11.9666666666667,0.9543548311,0.658,65.8,19.7,0.46,4.02662377292111,47482.4669702168,1.1395792072852,"06/07/2021"
8,"2021-06-07","LP","9",5.87654436485188,0.999466656394186,"REF",11.5666666666667,0.9543548311,0.545,54.5,19.7,0.34,2.88061990775006,33968.641556066,0.815247397345585,"06/07/2021"
9,"2021-06-07","LP","10",8.6034843243704,0.997053618853621,"REF",13.4666666666667,0.9543548311,0.195,19.5,19.7,0.09,4.18936540794283,49401.5373242848,1.18563689578283,"06/07/2021"
10,"2021-06-07","LP","11",5.3571149525926,0.999991456334412,"REF",14.1,0.9543548311,0.663,66.3,19.5,0.5,2.60282960773163,30692.902502923,0.736629660070151,"06/07/2021"
11,"2021-06-07","LP","12",8.5297109910741,0.999019221248131,"REF",22.5,0.9543548311,0.568,56.8,19.3,0.51,4.02647304808094,47480.6896034578,1.13953655048299,"06/07/2021"
12,"2021-06-08","FH","1",6.85052120998148,0.999991794782918,"BDA",15.5,0.9691586806,0.284,28.4,14.7,0.47,3.36364982331035,39664.5926318676,0.951950223164823,"06/07/2021"
13,"2021-06-08","FH","2",10.2434694927407,0.999403467458916,"BDA",23.6666666666667,0.9691586806,0.462,46.2,16.5,0.52,4.89115364409848,57677.114736667,1.38425075368001,"06/07/2021"
14,"2021-06-08","FH","3",6.37296654964815,0.999757123970504,"BDA",20.7333333333333,0.9691586806,0.233,23.3,16.7,0.27,3.07341625691931,36242.1209764604,0.869810903435051,"06/07/2021"
15,"2021-06-08","FH","4",10.1998448580741,0.999267353871349,"BDA",25.1666666666667,0.9691586806,0.553,55.3,18,0.53,4.84582197281029,57142.5578209895,1.37142138770375,"06/07/2021"
16,"2021-06-08","FH","5",7.37964208005548,0.996343224549469,"BDA",24.3,0.9691586806,0.572,57.2,18,0.68,3.51619837077267,41463.4647825129,0.995123154780309,"06/07/2021"
17,"2021-06-08","FH","6",6.45337215925926,0.999918721039464,"BDA",27.5,0.9691586806,0.308,30.8,18.6,0.48,3.04211210173307,35872.9783402259,0.860951480165421,"06/07/2021"
18,"2021-06-08","FH","7",8.09794410572219,0.997514951593614,"REF",17.6,0.9691586806,0.482,48.2,21.3,0.55,3.94740915309378,46548.3579544195,1.11716059090607,"06/07/2021"
19,"2021-06-08","FH","8",8.13480167794438,0.997993457725262,"REF",15.2333333333333,0.9691586806,0.476,47.6,21.5,0.66,3.99793514103816,47144.1669221806,1.13146000613234,"06/07/2021"
20,"2021-06-08","FH","9",9.60153036148153,0.996691884877767,"REF",16.1333333333333,0.9691586806,0.339,33.9,21.7,0.29,4.70408624381647,55471.1918205931,1.33130860369423,"06/07/2021"
21,"2021-06-08","FH","10",7.26281486388885,0.999987350318273,"REF",15.0333333333333,0.9691586806,0.337,33.7,21.9,0.29,3.57186636569234,42119.9089598525,1.01087781503646,"06/07/2021"
22,"2021-06-08","FH","11",6.61065470524069,0.99998450955044,"REF",14.5333333333333,0.9691586806,0.434,43.4,21.9,0.36,3.25678622956454,38404.4433488683,0.92170664037284,"06/07/2021"
23,"2021-06-08","FH","12",22.784071928148,0.999952132748464,"REF",15.0666666666667,0.9691586806,0.396,39.6,21.7,0.25,11.2039539386417,132118.470169726,3.17084328407342,"06/07/2021"
24,"2021-06-10","TP","1",3.17091555964815,0.999999515855576,"BDA",6.33333333333333,0.9583025243,0.662,66.2,9.1,0.45,1.5900201725224,18749.7229891442,0.449993351739461,"06/07/2021"
25,"2021-06-10","TP","2",3.47692580412963,0.999851819286912,"BDA",6.8,0.9583025243,0.615,61.5,8.8,0.41,1.74055773694342,20524.8813683469,0.492597152840327,"06/07/2021"
26,"2021-06-10","TP","3",5.3750899498889,0.989004027812441,"BDA",6.66666666666667,0.9583025243,0.57,57,8.5,0.45,2.69206629932466,31745.1930818423,0.761884633964216,"06/07/2021"
27,"2021-06-10","TP","4",2.57780363583333,0.958956350907699,"BDA",6.73333333333333,0.9583025243,0.604,60.4,8.3,0.55,1.29076247910365,15220.8376637017,0.365300103928841,"06/07/2021"
28,"2021-06-10","TP","6",5.82478436412963,0.996131295972322,"BDA",6.36666666666667,0.9583025243,0.721,72.1,8.2,0.53,2.92042452829764,34438.0227764131,0.826512546633915,"06/07/2021"
29,"2021-06-10","TP","7",10.5057136575741,0.994405693417673,"REF",6.46666666666667,0.9583025243,0.64,64,12.7,0.31,5.26545936687226,62090.9761055617,1.49018342653348,"06/07/2021"
30,"2021-06-10","TP","8",2.81894482505555,0.955252752674564,"REF",6.53333333333333,0.9583025243,0.583,58.3,12,0.54,1.41251703221037,16656.5830604387,0.399757993450528,"06/07/2021"
31,"2021-06-10","TP","9",1.23061123159258,0.935538853753592,"REF",6.4,0.9583025243,0.589,58.9,11.5,0.33,0.616929011619873,7274.90648970126,0.17459775575283,"06/07/2021"
32,"2021-06-10","TP","10",5.99471228644444,0.99987948234595,"REF",5.86666666666667,0.9583025243,0.445,44.5,11.2,0.21,3.01101181535304,35506.2397512534,0.852149754030082,"06/07/2021"
33,"2021-06-10","TP","12",9.99125889890746,0.92972404463572,"REF",5.43333333333333,0.9583025243,0.47,47,10.3,0.3,5.02619932120171,59269.590782144,1.42247017877145,"06/07/2021"
34,"2021-06-14","LP","1",16.9628751714074,0.994555681008946,"BDA",29.2333333333333,0.9839625301,0.422,42.2,20.3,0.3,8.07186248711783,95184.4437293083,2.2844266495034,"06/14/2021"
35,"2021-06-14","LP","2",15.4126864820925,0.997284970139367,"BDA",28.3333333333333,0.9839625301,0.362,36.2,20.5,0.25,7.35610327784056,86744.1187996014,2.08185885119043,"06/14/2021"
36,"2021-06-14","LP","3",16.5634478092037,0.996624406624871,"BDA",22.6666666666667,0.9839625301,0.337,33.7,20.7,0.18,8.05684535847806,95007.3598111583,2.2801766354678,"06/14/2021"
37,"2021-06-14","LP","4",10.2396964943519,0.976030172512161,"BDA",25.5666666666667,0.9839625301,0.449,44.9,20.9,0.35,4.93244685117417,58164.0495613833,1.3959371894732,"06/14/2021"
38,"2021-06-14","LP","5",9.51908204412965,0.987427103823528,"BDA",15.8333333333333,0.9839625301,0.499,49.9,21.1,0.38,4.73984791723556,55892.8980868553,1.34142955408453,"06/14/2021"
39,"2021-06-14","LP","6",6.78164443559253,0.973187203026239,"BDA",24.4333333333333,0.9839625301,0.471,47.1,21.3,0.35,3.2791556153797,38668.2260320818,0.928037424769964,"06/14/2021"
40,"2021-06-14","LP","7",9.5666077089259,0.991920433260554,"REF",19.8,0.9839625301,0.617,61.7,21.3,0.43,4.69897941622017,55410.9714507898,1.32986331481895,"06/14/2021"
41,"2021-06-14","LP","8",10.4996175687592,0.99084302082202,"REF",20.0666666666667,0.9839625301,0.655,65.5,21.3,0.47,5.15256768761926,60759.7428606304,1.45823382865513,"06/14/2021"
42,"2021-06-14","LP","9",7.25093785518514,0.977306023312472,"REF",18.6333333333333,0.9839625301,0.637,63.7,21.3,0.48,3.57580371006159,42166.3386325775,1.01199212718186,"06/14/2021"
43,"2021-06-14","LP","11",4.58456891253698,0.944979353912794,"REF",22.0333333333333,0.9839625301,0.635,63.5,21.3,0.42,2.23482781809603,26353.3779268097,0.632481070243434,"06/14/2021"
44,"2021-06-14","LP","12",11.454765361111,0.979176792234144,"REF",27.3,0.9839625301,0.546,54.6,21.3,0.45,5.48589530149296,64690.3850831436,1.55256924199545,"06/14/2021"
45,"2021-06-15","FH","1",8.52600576275922,0.991088233813237,"BDA",18.8666666666667,0.9750802204,0.427,42.7,19.9,0.77,4.16331776280062,49094.3801325862,1.17826512318207,"06/14/2021"
46,"2021-06-15","FH","2",17.7229702937038,0.999993098813604,"BDA",24.2666666666667,0.9750802204,0.451,45.1,20.1,0.46,8.4970609207969,100198.438510427,2.40476252425025,"06/14/2021"
47,"2021-06-15","FH","3",9.50740749355551,0.997607457537255,"BDA",21.2333333333333,0.9750802204,0.182,18.2,20.3,0.18,4.60520186987127,54305.1345268128,1.30332322864351,"06/14/2021"
48,"2021-06-15","FH","4",17.2954793818518,0.999998357762268,"BDA",25.4333333333333,0.9750802204,0.538,53.8,20.5,0.52,8.25968927885916,97399.3214874331,2.33758371569839,"06/14/2021"
49,"2021-06-15","FH","5",13.2454277107592,0.999545009476043,"BDA",26.0666666666667,0.9750802204,0.551,55.1,20.5,0.59,6.31213694159034,74433.5330894648,1.78640479414716,"06/14/2021"
50,"2021-06-15","FH","6",9.71237661838889,0.99984288875288,"BDA",26.1666666666667,0.9750802204,0.302,30.2,20.7,0.42,4.62690676173824,54561.0814116686,1.30946595388005,"06/14/2021"
51,"2021-06-15","FH","7",10.4167877592037,0.999836445040376,"REF",18.8,0.9750802204,0.484,48.4,21.3,0.8,5.0877640671765,59995.5702086144,1.43989368500675,"06/14/2021"
52,"2021-06-15","FH","8",11.3114456552593,0.999820224141409,"REF",17.1666666666667,0.9750802204,0.491,49.1,21.3,0.7,5.55583102117132,65515.0761113935,1.57236182667345,"06/14/2021"
53,"2021-06-15","FH","9",14.449328058426,0.99999852186492,"REF",18.1,0.9750802204,0.435,43.5,21.3,0.41,7.07430665797894,83421.1367060469,2.00210728094513,"06/14/2021"
54,"2021-06-15","FH","10",11.6380987728148,0.999999675692195,"REF",17.6666666666667,0.9750802204,0.438,43.8,21.3,0.4,5.70643985561908,67291.0749159456,1.61498579798269,"06/14/2021"
55,"2021-06-15","FH","11",12.1819795941296,0.998968458374634,"REF",17.2333333333333,0.9750802204,0.541,54.1,21.1,0.54,5.98203588152616,70540.9388057033,1.69298253133688,"06/14/2021"
56,"2021-06-15","FH","12",40.7496122146297,0.999730964600524,"REF",18.8666666666667,0.9750802204,0.378,37.8,20.9,0.26,19.8983661378034,234644.100413213,5.63145840991712,"06/14/2021"
57,"2021-06-17","TP","1",11.3292314833333,0.998534537738643,"BDA",9.63333333333333,0.967184834,0.572,57.2,17.3,0.52,5.66662713420074,66821.5981690854,1.60371835605805,"06/14/2021"
58,"2021-06-17","TP","2",13.0873177449259,0.999629226566069,"BDA",12.0333333333333,0.967184834,0.612,61.2,17.2,0.39,6.49086477997718,76541.1148158561,1.83698675558055,"06/14/2021"
59,"2021-06-17","TP","3",15.0425561254444,0.998500643699133,"BDA",12.9333333333333,0.967184834,0.529,52.9,17.3,0.4,7.43711368498756,87699.4039711314,2.10478569530715,"06/14/2021"
60,"2021-06-17","TP","4",13.5584093702592,0.999825917389288,"BDA",20.6333333333333,0.967184834,0.528,52.8,17.3,0.53,6.52756122632878,76973.8440451255,1.84737225708301,"06/14/2021"
61,"2021-06-17","TP","5",12.0358518059445,0.998520825736441,"BDA",21.6333333333333,0.967184834,0.558,55.8,17.3,0.45,5.77487408622589,68098.0601913698,1.63435344459287,"06/14/2021"
62,"2021-06-17","TP","6",12.4483128822779,0.999767240109843,"BDA",21.8,0.967184834,0.594,59.4,17.2,0.5,5.96939865271327,70391.918973322,1.68940605535973,"06/14/2021"
63,"2021-06-17","TP","7",22.6109255178334,0.99608515982834,"REF",18.6333333333333,0.967184834,0.477,47.7,25.9,0.3,10.9604590657638,129247.14721758,3.10193153322192,"06/14/2021"
64,"2021-06-17","TP","8",14.4414205682593,0.996527264870011,"REF",16.2333333333333,0.967184834,0.328,32.8,25.6,0.13,7.05844670604675,83234.1141069072,1.99761873856577,"06/14/2021"
65,"2021-06-17","TP","9",13.4501168122593,0.992819154890555,"REF",28.5666666666667,0.967184834,0.501,50.1,25.6,0.3,6.30507544197653,74350.2629750757,1.78440631140182,"06/14/2021"
66,"2021-06-17","TP","10",23.4102710585,0.99999866897028,"REF",33.0333333333333,0.967184834,0.242,24.2,25.6,0.11,10.8139728886415,127519.763320039,3.06047431968093,"06/14/2021"
67,"2021-06-17","TP","11",24.6993672877037,0.996444085909496,"REF",30.3,0.967184834,0.449,44.9,25.4,0.3,11.5122704814942,135754.178616295,3.25810028679107,"06/14/2021"
68,"2021-06-17","TP","12",16.5605079418889,0.996659533976072,"REF",20.6666666666667,0.967184834,0.395,39.5,25.4,0.23,7.97198671770581,94006.6957722921,2.25616069853501,"06/14/2021"
69,"2021-06-28","LP","1",13.7069424845186,0.997469575684092,"BDA",32.3,0.9701456039,0.241,24.1,34.2,0.13,6.36632484775424,75072.5238692629,1.80174057286231,"06/28/2021"
70,"2021-06-28","LP","2",18.5648264185185,0.999955625900174,"BDA",31.5,0.9701456039,0.065,6.5,34.2,0.04,8.64527086976344,101946.149347925,2.4467075843502,"06/28/2021"
71,"2021-06-28","LP","3",18.981469663926,0.993373431369977,"BDA",20.9333333333333,0.9701456039,0.169,16.9,34.2,0.07,9.15705883133912,107981.219012167,2.59154925629201,"06/28/2021"
72,"2021-06-28","LP","4",13.4583840232408,0.999746739298549,"BDA",31.8333333333333,0.9701456039,0.289,28.9,34.6,0.2,6.26044883117805,73824.0202236466,1.77177648536752,"06/28/2021"
73,"2021-06-28","LP","6",5.0965731473334,0.999956648637156,"BDA",24.7,0.9701456039,0.456,45.6,34.6,0.28,2.42758494810532,28626.3948698107,0.687033476875457,"06/28/2021"
74,"2021-06-28","LP","7",12.5604493040555,0.998444001840562,"REF",19,0.9701456039,0.604,60.4,33.4,0.37,6.09954349457142,71926.6037373745,1.72623848969699,"06/28/2021"
75,"2021-06-28","LP","8",13.7829514457038,0.993428747355255,"REF",19.5666666666667,0.9701456039,0.589,58.9,33.4,0.36,6.680245014443,78774.3109709843,1.89058346330362,"06/28/2021"
76,"2021-06-28","LP","9",8.60359598683336,0.994511835171702,"REF",19.7666666666667,0.9701456039,0.514,51.4,33.1,0.28,4.16709488303781,49138.9204216769,1.17933409012024,"06/28/2021"
77,"2021-06-28","LP","10",12.9038870355926,0.985103935612657,"REF",19.7,0.9701456039,0.242,24.2,33.1,0.12,6.25133595399666,73716.5600003502,1.7691974400084,"06/28/2021"
78,"2021-06-28","LP","11",7.25076966951849,0.988106863096608,"REF",24.3333333333333,0.9701456039,0.405,40.5,31.7,0.2,3.45792459583759,40776.2929110824,0.978631029865978,"06/28/2021"
79,"2021-06-28","LP","12",12.4342806537036,0.999019811370673,"REF",27.5666666666667,0.9701456039,0.454,45.4,31.4,0.35,5.86617290494296,69174.6676393529,1.66019202334447,"06/28/2021"
80,"2021-06-29","FH","1",11.3814905493704,0.999768446441456,"BDA",20.1,0.9819886835,0.291,29.1,23.5,0.58,5.57349858977878,65723.414359553,1.57736194462927,"06/28/2021"
81,"2021-06-29","FH","2",19.5220407292778,0.9999919132078,"BDA",24.0666666666667,0.9819886835,0.379,37.9,24.9,0.36,9.43226216631597,111226.452239818,2.66943485375562,"06/28/2021"
82,"2021-06-29","FH","3",12.7734950923518,0.966057738131134,"BDA",21.8666666666667,0.9819886835,0.163,16.3,24.9,0.15,6.21768386902867,73319.730273243,1.75967352655783,"06/28/2021"
83,"2021-06-29","FH","4",18.4232590827778,0.999757661974628,"BDA",26.2333333333333,0.9819886835,0.47,47,25.9,0.42,8.83692280012857,104206.13363415,2.50094720721959,"06/28/2021"
84,"2021-06-29","FH","5",18.7620948901481,0.999645930196021,"BDA",23.7333333333333,0.9819886835,0.485,48.5,25.9,0.44,9.07527021109862,107016.757051448,2.56840216923475,"06/28/2021"
85,"2021-06-29","FH","6",15.2386194451111,0.999427319757371,"BDA",27.1,0.9819886835,0.201,20.1,26.4,0.24,7.28826575336219,85944.1699598198,2.06266007903568,"06/28/2021"
86,"2021-06-29","FH","7",15.4658473402778,0.998297799435211,"REF",19.2,0.9819886835,0.373,37.3,28.3,0.54,7.59692920632741,89583.96921519,2.15001526116456,"06/28/2021"
87,"2021-06-29","FH","8",13.4350233947778,0.999468171063392,"REF",18.9666666666667,0.9819886835,0.359,35.9,28.6,0.45,6.60464877266682,77882.8703359418,1.8691888880626,"06/28/2021"
88,"2021-06-29","FH","9",15.008462074074,0.998336630365602,"REF",19.3666666666667,0.9819886835,0.261,26.1,28.3,0.2,7.3680558257227,86885.0647861226,2.08524155486694,"06/28/2021"
89,"2021-06-29","FH","10",15.2622958389075,0.998434240939508,"REF",18.4,0.9819886835,0.362,36.2,28.3,0.3,7.51752518926379,88647.6268027498,2.12754304326599,"06/28/2021"
90,"2021-06-29","FH","11",13.9209982412778,0.999957329234086,"REF",18.2333333333333,0.9819886835,0.505,50.5,28.3,0.43,6.86078594297115,80903.272890213,1.94167854936511,"06/28/2021"
91,"2021-06-29","FH","12",34.510743885926,0.996107863928328,"REF",21.2,0.9819886835,0.208,20.8,28,0.15,16.8366709473596,198540.195764665,4.76496469835197,"06/28/2021"
92,"2021-07-01","TP","1",22.450994011074,0.996396131734491,"BDA",16.4333333333333,0.9652109874,0.465,46.5,19.5,0.45,10.9432765287155,129044.528524136,3.09706868457927,"06/28/2021"
93,"2021-07-01","TP","2",19.9365390154444,0.999914178270266,"BDA",17.8333333333333,0.9652109874,0.54,54,19.5,0.38,9.6708786098955,114040.248124352,2.73696595498446,"06/28/2021"
94,"2021-07-01","TP","3",36.3936818233333,0.994179096959878,"BDA",17.9,0.9652109874,0.458,45.8,19.7,0.36,17.6499150150527,208130.074720491,4.99512179329177,"06/28/2021"
95,"2021-07-01","TP","4",28.5612173959814,0.99442955607081,"BDA",26.6666666666667,0.9652109874,0.535,53.5,19.7,0.55,13.4461708081163,158558.980743589,3.80541553784613,"06/28/2021"
96,"2021-07-01","TP","5",25.5252318740556,0.999927836450505,"BDA",27.7333333333333,0.9652109874,0.553,55.3,19.9,0.49,11.9742542102086,141201.950341823,3.38884680820375,"06/28/2021"
97,"2021-07-01","TP","6",29.6401525739444,0.998321682621571,"BDA",28.7333333333333,0.9652109874,0.571,57.1,20.1,0.54,13.8585403374226,163421.695429398,3.92212069030554,"06/28/2021"
98,"2021-07-01","TP","7",41.7216890490742,0.9946803462299,"REF",24.4666666666667,0.9652109874,0.433,43.3,25.6,0.25,19.7871807537284,233332.988021135,5.59999171250725,"06/28/2021"
99,"2021-07-01","TP","8",30.4801854517222,0.999413993185885,"REF",21.3,0.9652109874,0.271,27.1,25.9,0.13,14.6112606743681,172297.870744604,4.1351488978705,"06/28/2021"
100,"2021-07-01","TP","9",20.1450649784444,0.998947586795011,"REF",29.1,0.9652109874,0.444,44.4,25.9,0.27,9.4075880815202,110935.492248915,2.66245181397397,"06/28/2021"
101,"2021-07-01","TP","10",31.7537032656112,0.999577550765431,"REF",38.1333333333333,0.9652109874,0.19,19,25.9,0.1,14.3981994783632,169785.425636131,4.07485021526715,"06/28/2021"
102,"2021-07-01","TP","11",45.7700591446297,0.997623345804333,"REF",34.2333333333333,0.9652109874,0.445,44.5,25.9,0.32,21.0171336909278,247836.751722188,5.94808204133251,"06/28/2021"
103,"2021-07-01","TP","12",27.6270876535185,0.983384493646107,"REF",26.6,0.9652109874,0.368,36.8,26.2,0.23,13.0092914237443,153407.242685041,3.68177382444099,"06/28/2021"
104,"2021-07-12","LP","1",10.0192335758889,0.993961537274124,"BDA",27.7333333333333,0.9632371408,0.246,24.6,23.7,0.14,4.6905551012706,55311.6308421564,1.32747914021175,"07/12/2021"
105,"2021-07-12","LP","2",14.735039274,0.989468560248554,"BDA",27,0.9632371408,0.021,2.1,23.9,0.02,6.91514596826478,81544.2933209925,1.95706303970382,"07/12/2021"
106,"2021-07-12","LP","3",20.3791242760185,0.977550160937711,"BDA",20.1666666666667,0.9632371408,0.23,23,24.2,0.12,9.78683434748368,115407.61314044,2.76978271537055,"07/12/2021"
107,"2021-07-12","LP","4",9.19142210957412,0.956519532648435,"BDA",23.8,0.9632371408,0.326,32.6,24.4,0.22,4.3600364846854,51414.1126780337,1.23393870427281,"07/12/2021"
108,"2021-07-12","LP","5",10.024589401463,0.970408454925012,"BDA",18.1333333333333,0.9632371408,0.552,55.2,24.4,0.45,4.84781423151953,57166.050792693,1.37198521902463,"07/12/2021"
109,"2021-07-12","LP","6",6.6896046117037,0.993820717726719,"BDA",23.1,0.9632371408,0.471,47.1,24.4,0.33,3.18077794236646,37508.1438210564,0.900195451705353,"07/12/2021"
110,"2021-07-12","LP","7",12.5266771111852,0.999121771624653,"REF",18.4,0.9632371408,0.586,58.6,24.2,0.43,6.05226094579882,71369.041822735,1.71285700374564,"07/12/2021"
111,"2021-07-12","LP","8",13.7648447121481,0.974608587345623,"REF",18.1,0.9632371408,0.517,51.7,23.9,0.33,6.65733512678928,78504.154620365,1.88409971088876,"07/12/2021"
112,"2021-07-12","LP","9",7.46869500077777,0.978239711846703,"REF",18.0333333333333,0.9632371408,0.6,60,23.9,0.42,3.61304441061623,42605.4857776187,1.02253165866285,"07/12/2021"
113,"2021-07-12","LP","10",12.8676741400925,0.984152041225279,"REF",18.1333333333333,0.9632371408,0.215,21.5,23.9,0.1,6.22270811548575,73378.9768355995,1.76109544405439,"07/12/2021"
114,"2021-07-12","LP","11",8.0553616240555,0.98239418459945,"REF",20.9,0.9632371408,0.621,62.1,23.3,0.42,3.85883993562914,45503.9383165272,1.09209451959665,"07/12/2021"
115,"2021-07-12","LP","12",11.1414341918519,0.982797186193317,"REF",23.8333333333333,0.9632371408,0.481,48.1,23.3,0.37,5.28444934387747,62314.9083641398,1.49555780073936,"07/12/2021"
116,"2021-07-13","FH","3",4.31531449190742,0.927513979639285,"BDA",22.7333333333333,0.977054067,0.181,18.1,20.1,0.21,2.08386153881703,24573.1640866969,0.589755938080725,"07/12/2021"
117,"2021-07-13","FH","4",25.5155440448334,0.996199716928186,"BDA",23.9333333333333,0.977054067,0.28,28,20.1,0.29,12.2716388299777,144708.74814116,3.47300995538783,"07/12/2021"
118,"2021-07-13","FH","5",9.50872053442596,0.997970307933531,"BDA",23.3,0.977054067,0.364,36.4,20.3,0.43,4.58297109093878,54042.9863138402,1.29703167153216,"07/12/2021"
119,"2021-07-13","FH","6",2.28601677740739,0.999945890901931,"BDA",26.1666666666667,0.977054067,0.124,12.4,20.1,0.13,1.09124658257591,12868.1204740252,0.308834891376606,"07/12/2021"
120,"2021-07-13","FH","7",4.75848340444448,0.992330822716237,"REF",20.1,0.977054067,0.382,38.2,20.5,0.7,2.31851241804599,27340.1975248466,0.656164740596318,"07/12/2021"
121,"2021-07-13","FH","8",3.82399059735193,0.8958828565378,"REF",19.2,0.977054067,0.333,33.3,20.5,0.5,1.86893109535497,22038.6765710734,0.528928237705761,"07/12/2021"
122,"2021-07-13","FH","9",14.8361626129816,0.997025713616401,"REF",19.8333333333333,0.977054067,0.364,36.4,20.5,0.39,7.23532026352542,85319.8299136245,2.04767591792699,"07/12/2021"
123,"2021-07-13","FH","10",24.4043789399075,0.997098221379347,"REF",19.5666666666667,0.977054067,0.228,22.8,20.7,0.24,11.9124091638919,140472.665577562,3.37134397386148,"07/12/2021"
124,"2021-07-13","FH","11",18.3534808933148,0.991599062966434,"REF",19.3,0.977054067,0.45,45,20.7,0.48,8.96698233986322,105739.812504558,2.53775550010939,"07/12/2021"
125,"2021-07-13","FH","12",19.9232005427777,0.993623874663675,"REF",21.2666666666667,0.977054067,0.129,12.9,20.7,0.11,9.66884776772156,114016.300171456,2.73639120411494,"07/12/2021"
126,"2021-07-15","TP","1",19.9372666442408,0.994345869917218,"BDA",19.2,0.9602763709,0.512,51.2,24.7,0.42,9.57678498890629,112930.684007443,2.71033641617863,"07/12/2021"
127,"2021-07-15","TP","2",17.395754648889,0.972368022894931,"BDA",21.2333333333333,0.9602763709,0.474,47.4,24.2,0.35,8.29823507073882,97853.8584377376,2.3484926025057,"07/12/2021"
128,"2021-07-15","TP","3",34.5535119133333,0.993066935384025,"BDA",21.6666666666667,0.9602763709,0.412,41.2,24.2,0.31,16.4586994779499,194083.107438553,4.65799457852528,"07/12/2021"
129,"2021-07-15","TP","4",33.3500650829074,0.997870327714363,"BDA",24.2,0.9602763709,0.315,31.5,24.4,0.26,15.7500599835213,185726.739104795,4.45744173851508,"07/12/2021"
130,"2021-07-15","TP","5",19.7902359555557,0.99877683618199,"BDA",23.1,0.9602763709,0.434,43.4,24.7,0.36,9.38095162207637,110621.391683014,2.65491340039235,"07/12/2021"
131,"2021-07-15","TP","6",19.6984761204444,0.995767305974489,"BDA",23.0333333333333,0.9602763709,0.444,44.4,24.9,0.33,9.33955849310325,110133.278566394,2.64319868559345,"07/12/2021"
132,"2021-07-15","TP","7",22.5765871745555,0.965491738960005,"REF",23.6,0.9602763709,0.367,36.7,29.2,0.24,10.6836948835267,125983.508277686,3.02360419866446,"07/12/2021"
133,"2021-07-15","TP","8",19.9893602992037,0.96680568815047,"REF",20.3666666666667,0.9602763709,0.24,24,28.9,0.09,9.56362329452855,112775.479609464,2.70661151062714,"07/12/2021"
134,"2021-07-15","TP","9",16.9843030252963,0.99988869739657,"REF",25.6,0.9602763709,0.444,44.4,28.9,0.24,7.98348029565373,94142.229526141,2.25941350862738,"07/12/2021"
135,"2021-07-15","TP","10",22.8093816176481,0.995975143048418,"REF",29.2666666666667,0.9602763709,0.246,24.6,28.9,0.14,10.5915028162055,124896.367526932,2.99751282064637,"07/12/2021"
136,"2021-07-15","TP","11",32.9588426001297,0.997100455497227,"REF",27.9,0.9602763709,0.317,31.7,28.9,0.2,15.373901565033,181291.030509034,4.35098473221682,"07/12/2021"
137,"2021-07-15","TP","12",29.7622509420185,0.999459657652817,"REF",27,0.9602763709,0.309,30.9,28.9,0.19,13.9244756757207,164199.213444357,3.94078112266456,"07/12/2021"
138,"2021-07-26","LP","1",2.66379661711111,0.999990071000474,"BDA",7.33333333333333,0.967184834,0.349,34.9,17.2,0.24,1.34330270357766,15840.3987684595,0.380169570443027,"07/26/2021"
139,"2021-07-26","LP","2",9.54504586214815,0.995986730531604,"BDA",6.4,0.967184834,0.11,11,17,0.07,4.82946679601625,56949.6954663942,1.36679269119346,"07/26/2021"
140,"2021-07-26","LP","3",13.8480722253519,0.995180569664849,"BDA",5.96666666666667,0.967184834,0.205,20.5,16.7,0.11,7.01753477887685,82751.6753840256,1.98604020921661,"07/26/2021"
141,"2021-07-26","LP","4",6.21384654107413,0.999979907220711,"BDA",5.96666666666667,0.967184834,0.24,24,16.5,0.17,3.148877584041,37131.9706804931,0.891167296331833,"07/26/2021"
142,"2021-07-26","LP","5",6.61477046668523,0.996302124324091,"BDA",5.53333333333333,0.967184834,0.491,49.1,16.2,0.33,3.35726149104913,39589.2605937398,0.950142254249755,"07/26/2021"
143,"2021-07-26","LP","6",2.56125837735185,0.999939486642928,"BDA",5.63333333333333,0.967184834,0.432,43.2,15.8,0.27,1.29947487886521,15323.5754056014,0.367765809734434,"07/26/2021"
144,"2021-07-26","LP","7",7.6983832068519,0.99971338056727,"REF",6.83333333333333,0.967184834,0.513,51.3,15,0.37,3.88908689229854,45860.6143314713,1.10065474395531,"07/26/2021"
145,"2021-07-26","LP","8",7.3223902567592,0.984341280584117,"REF",6.93333333333333,0.967184834,0.543,54.3,14.7,0.4,3.69782047431987,43605.1760570393,1.04652422536894,"07/26/2021"
146,"2021-07-26","LP","9",5.55903216353705,0.997097473657662,"REF",6.53333333333333,0.967184834,0.551,55.1,14.6,0.37,2.81133856599472,33151.6670367,0.795640008880799,"07/26/2021"
147,"2021-07-26","LP","10",12.178515085,0.993982170515377,"REF",6.9,0.967184834,0.267,26.7,14.4,0.16,6.15090482072405,72532.2631210471,1.74077431490513,"07/26/2021"
148,"2021-07-26","LP","11",3.77910622998148,0.989059899099024,"REF",7.4,0.967184834,0.567,56.7,14.3,0.4,1.90527933735502,22467.2997297106,0.539215193513054,"07/26/2021"
149,"2021-07-26","LP","12",7.58514245729636,0.999659808359524,"REF",8.06666666666667,0.967184834,0.519,51.9,14,0.43,3.81506520810686,44987.7410825852,1.07970578598205,"07/26/2021"
150,"2021-07-27","FH","1",2.61965987881481,0.925460098497025,"BDA",12.9333333333333,0.9750802204,0.106,10.6,19.3,0.15,1.30574555866479,15397.5200707243,0.369540481697383,"07/26/2021"
151,"2021-07-27","FH","2",1.94785911875926,0.95308434749483,"BDA",13.1,0.9750802204,0.11,11,18.9,0.11,0.970327010433273,11442.2212805303,0.274613310732727,"07/26/2021"
152,"2021-07-27","FH","3",6.99751829846289,0.933128272870611,"BDA",13.3,0.9750802204,0.054,5.4,18.9,0.06,3.48338221819649,41076.4924780063,0.985835819472152,"07/26/2021"
153,"2021-07-27","FH","4",6.02551885492593,0.986594224160966,"BDA",12.2,0.9750802204,0.144,14.4,18.8,0.14,3.01108741934742,35507.1312833081,0.852171150799395,"07/26/2021"
154,"2021-07-27","FH","6",1.94380685727778,0.890575883373117,"BDA",14.1666666666667,0.9750802204,0,0,18.6,0.02,0.964711639785578,11376.0041054622,0.273024098531094,"07/26/2021"
155,"2021-07-27","FH","9",3.91920197024073,0.987402018421441,"REF",13.6333333333333,0.9750802204,0.14,14,18.2,0.13,1.94871974821931,22979.5546584942,0.551509311803861,"07/26/2021"
156,"2021-07-27","FH","10",31.3035500457407,0.987994546283585,"REF",14.1333333333333,0.9750802204,0.016,1.6,18,0.03,15.5377602334545,183223.273065051,4.39735855356122,"07/26/2021"
157,"2021-07-27","FH","11",22.7382821999445,0.967989443603725,"REF",13.7333333333333,0.9750802204,0.395,39.5,18,0.4,11.3020676986914,133275.440285039,3.19861056684094,"07/26/2021"
158,"2021-07-27","FH","12",29.290338169074,0.975466515224153,"REF",14,0.9750802204,0.075,7.5,17.9,0.07,14.5452411128561,171519.359558642,4.1164646294074,"07/26/2021"
159,"2021-07-29","TP","1",23.4704976057593,0.991786780131624,"BDA",15.5333333333333,0.9681717573,0.349,34.9,21.3,0.29,11.5110993651548,135740.368661345,3.25776884787228,"07/26/2021"
160,"2021-07-29","TP","2",23.6483486352037,0.991824855547362,"BDA",15.9666666666667,0.9681717573,0.467,46.7,21.3,0.39,11.5809335488189,136563.862363816,3.27753269673159,"07/26/2021"
161,"2021-07-29","TP","3",34.700024776,0.991053756197139,"BDA",16.5333333333333,0.9681717573,0.328,32.8,21.1,0.29,16.9598385289445,199992.6037755,4.799822490612,"07/26/2021"
162,"2021-07-29","TP","4",47.891650961463,0.993769599280099,"BDA",20.5,0.9681717573,0.27,27,20.9,0.27,23.0909713071189,272291.712420181,6.53500109808434,"07/26/2021"
163,"2021-07-29","TP","5",29.6496461204074,0.981316832658175,"BDA",19.6333333333333,0.9681717573,0.167,16.7,20.9,0.1,14.3379221669617,169074.62780423,4.05779106730152,"07/26/2021"
164,"2021-07-29","TP","6",29.2648799490556,0.974471037854783,"BDA",18.5333333333333,0.9681717573,0.358,35.8,21.1,0.3,14.2052547690947,167510.196734308,4.02024472162338,"07/26/2021"
165,"2021-07-29","TP","7",24.5897700895556,0.985916239931852,"REF",23.9333333333333,0.9681717573,0.2,20,31.4,0.12,11.7188774613014,138190.514774761,3.31657235459427,"07/26/2021"
166,"2021-07-29","TP","8",26.2340906534075,0.99630733530445,"REF",21.5666666666667,0.9681717573,0.329,32.9,30.4,0.16,12.6029703116378,148615.851715106,3.56678044116254,"07/26/2021"
167,"2021-07-29","TP","9",18.0361803368703,0.994723722928006,"REF",23.4333333333333,0.9681717573,0.419,41.9,30.1,0.23,8.61009671790452,101531.371211691,2.43675290908059,"07/26/2021"
168,"2021-07-29","TP","10",24.0885149564629,0.994996176640017,"REF",32.2333333333333,0.9681717573,0.118,11.8,30.1,0.08,11.1678241245026,131692.422740602,3.16061814577445,"07/26/2021"
169,"2021-07-29","TP","11",39.6619906262222,0.994071291128172,"REF",27.5333333333333,0.9681717573,0.256,25.6,30.1,0.18,18.6755051495109,220223.965888541,5.28537518132499,"07/26/2021"
170,"2021-07-29","TP","12",38.4053021250555,0.994041324835109,"REF",23.9,0.9681717573,0.312,31.2,30.1,0.19,18.305073915504,215855.792991,5.18053903178399,"07/26/2021"
171,"2021-08-09","LP","2",9.22482752455553,0.993669813987793,"BDA",11.8666666666667,0.9622502175,0.155,15.5,15.5,0.13,4.55452120128467,53707.5015449646,1.28898003707915,"08/09/2021"
172,"2021-08-09","LP","3",12.7304471153519,0.997577553004455,"BDA",10.8333333333333,0.9622502175,0.238,23.8,15.4,0.15,6.30821325127766,74387.2644271362,1.78529434625127,"08/09/2021"
173,"2021-08-09","LP","4",6.62185502650007,0.99816856340242,"BDA",9.23333333333333,0.9622502175,0.269,26.9,15,0.21,3.2998748573075,38912.5500057048,0.933901200136915,"08/09/2021"
174,"2021-08-09","LP","5",5.81293860792588,0.978667759486056,"BDA",9.1,0.9622502175,0.5,50,14.7,0.39,2.89813596898716,34175.1932097696,0.82020463703447,"08/09/2021"
175,"2021-08-09","LP","6",1.6348311089074,0.999180209574142,"BDA",9.5,0.9622502175,0.409,40.9,14.4,0.32,0.813917802872081,9597.82372796869,0.230347769471249,"08/09/2021"
176,"2021-08-09","LP","7",6.27318228788886,0.993764846567842,"REF",9.6,0.9622502175,0.521,52.1,14,0.39,3.12206439815677,36815.7861336089,0.883578867206612,"08/09/2021"
177,"2021-08-09","LP","8",6.02011742361104,0.991369655854189,"REF",10.0666666666667,0.9622502175,0.507,50.7,13.8,0.39,2.99117855436383,35272.363379151,0.846536721099625,"08/09/2021"
178,"2021-08-09","LP","9",0.269803578574081,0.859999165753467,"REF",11.4666666666667,0.9622502175,0.579,57.9,13.8,0.45,0.133395883799427,1573.02147001288,0.0377525152803091,"08/09/2021"
179,"2021-08-09","LP","10",7.89006236777766,0.912028307884365,"REF",12.8666666666667,0.9622502175,0.092,9.2,13.8,0.07,3.88188821793951,45775.7266347908,1.09861743923498,"08/09/2021"
180,"2021-08-09","LP","11",3.27594970124075,0.852292813811619,"REF",9.93333333333333,0.9622502175,0.569,56.9,13.7,0.44,1.62846795033078,19203.1041448761,0.460874499477027,"08/09/2021"
181,"2021-08-09","LP","12",6.21814018488888,0.942357906544926,"REF",10.8666666666667,0.9622502175,0.492,49.2,13.5,0.41,3.08086180162659,36329.9198001341,0.871918075203219,"08/09/2021"
182,"2021-08-10","FH","2",3.96628591824075,0.814034014057728,"BDA",12.7666666666667,0.977054067,0.184,18.4,15.2,0.21,1.98211630831565,23373.3712033518,0.560960908880442,"08/09/2021"
183,"2021-08-10","FH","4",3.09086961783335,0.975748628903181,"BDA",13.5,0.977054067,0.151,15.1,15.2,0.15,1.54068106480836,18167.9098661684,0.436029836788042,"08/09/2021"
184,"2021-08-10","FH","6",2.18669141901853,0.991382114870857,"BDA",13.6333333333333,0.977054067,0.086,8.6,15.4,0.09,1.08947555995928,12847.2363468656,0.308333672324775,"08/09/2021"
185,"2021-08-10","FH","7",2.33399303035185,0.967502443223304,"REF",13.1666666666667,0.977054067,0.21,21,15.5,0.4,1.16476200629766,13735.0238341415,0.329640572019397,"08/09/2021"
186,"2021-08-10","FH","9",6.22136903125928,0.982707218981967,"REF",13.3333333333333,0.977054067,0.234,23.4,15.5,0.26,3.10292115034464,36590.0464859033,0.878161115661678,"08/09/2021"
187,"2021-08-10","FH","10",18.1472452825926,0.998167756473993,"REF",12.9333333333333,0.977054067,0.145,14.5,15.5,0.14,9.0636391751856,106879.602375542,2.56511045701301,"08/09/2021"
188,"2021-08-10","FH","11",15.5030012081482,0.97414208270103,"REF",13.2,0.977054067,0.397,39.7,15.5,0.42,7.73575732469585,91221.0482960063,2.18930515910415,"08/09/2021"
189,"2021-08-10","FH","12",17.8567009753703,0.993088993664137,"REF",13.2666666666667,0.977054067,0.113,11.3,15.5,0.1,8.90814199008082,105045.959509439,2.52110302822653,"08/09/2021"
190,"2021-08-12","TP","1",17.9353530570927,0.953076615117162,"BDA",11.8333333333333,0.967184834,0.431,43.1,18.9,0.35,8.90157150249486,104968.479472223,2.51924350733336,"08/09/2021"
191,"2021-08-12","TP","2",12.959281711,0.972972043668981,"BDA",11.5666666666667,0.967184834,0.404,40.4,18.6,0.31,6.43790362271818,75916.5900173968,1.82199816041752,"08/09/2021"
192,"2021-08-12","TP","3",22.5920230171111,0.95492733657423,"BDA",11.7333333333333,0.967184834,0.371,37.1,18.2,0.26,11.2166811940346,132268.551607152,3.17444523857165,"08/09/2021"
193,"2021-08-12","TP","4",30.4156959412963,0.933906551101968,"BDA",13.0666666666667,0.967184834,0.371,37.1,18,0.33,15.0306606366039,177243.489202453,4.25384374085887,"08/09/2021"
194,"2021-08-12","TP","5",22.7828569278334,0.999996511851948,"BDA",14.3,0.967184834,0.45,45,17.7,0.53,11.2103745675966,132194.183054631,3.17266039331115,"08/09/2021"
195,"2021-08-12","TP","6",13.4117714380926,0.947429437424079,"BDA",13.5333333333333,0.967184834,0.43,43,17.7,0.37,6.61696074756904,78028.0547322502,1.87267331357401,"08/09/2021"
196,"2021-08-12","TP","7",22.0607175333148,0.988295643460382,"REF",17.1666666666667,0.967184834,0.368,36.8,25.9,0.21,10.7478025679122,126739.474361938,3.0417473846865,"08/09/2021"
197,"2021-08-12","TP","8",16.3626875087037,0.995681281965746,"REF",17.3666666666667,0.967184834,0.326,32.6,25.6,0.17,7.96627774825954,93939.3748681168,2.2545449968348,"08/09/2021"
198,"2021-08-12","TP","9",9.95590517727777,0.997258944070284,"REF",15.5,0.967184834,0.431,43.1,25.4,0.23,4.87845722042745,57527.3968708824,1.38065752490118,"08/09/2021"
199,"2021-08-12","TP","10",20.3703331831666,0.999321713066397,"REF",28.6333333333333,0.967184834,0.235,23.5,25.4,0.15,9.54698776223327,112579.311266632,2.70190347039917,"08/09/2021"
200,"2021-08-12","TP","11",25.9463324625926,0.999991130384847,"REF",28.4,0.967184834,0.38,38,25.1,0.27,12.1697119115624,143506.812770496,3.44416350649189,"08/09/2021"
201,"2021-08-12","TP","12",25.2824529741482,0.983139586602663,"REF",18.2333333333333,0.967184834,0.356,35.6,24.9,0.21,12.2722923925801,144716.455035678,3.47319492085627,"08/09/2021"
202,"2021-08-25","LP","2",4.75135571549999,0.950922736674104,"BDA",14.5333333333333,0.9622502175,0.182,18.2,21.5,0.12,2.32410343913595,27406.1275667887,0.657747061602928,"08/25/2021"
203,"2021-08-25","LP","3",5.98566614392591,0.945236791193769,"BDA",10.2666666666667,0.9622502175,0.163,16.3,21.1,0.08,2.971961128627,35045.7490157884,0.841097976378921,"08/25/2021"
204,"2021-08-25","LP","4",4.61697826005555,0.978447033370063,"BDA",7.83333333333333,0.9622502175,0.283,28.3,20.5,0.16,2.31225262754076,27266.3812676875,0.654393150424501,"08/25/2021"
205,"2021-08-25","LP","5",3.30735957616666,0.972956252092701,"BDA",7.9,0.9622502175,0.495,49.5,20.3,0.38,1.65598264748487,19527.5610031504,0.46866146407561,"08/25/2021"
206,"2021-08-25","LP","7",3.88185018612963,0.991843555342476,"REF",9.06666666666667,0.9622502175,0.453,45.3,19.3,0.29,1.93558884718994,22824.7133796518,0.547793121111642,"08/25/2021"
207,"2021-08-25","LP","8",4.69989250109258,0.996243120610797,"REF",9.43333333333333,0.9622502175,0.514,51.4,18.2,0.33,2.3404430600218,27598.806484108,0.662371355618591,"08/25/2021"
208,"2021-08-25","LP","9",3.34788139685185,0.920010934003507,"REF",9.2,0.9622502175,0.603,60.3,18,0.39,1.66854975511786,19675.7539575325,0.472218094980781,"08/25/2021"
209,"2021-08-25","LP","10",11.6580335611481,0.997311396349725,"REF",9,0.9622502175,0.153,15.3,17.9,0.09,5.81436511251826,68563.7434678053,1.64552984322733,"08/25/2021"
210,"2021-08-25","LP","11",2.10009880207408,0.945799609256435,"REF",9.5,0.9622502175,0.519,51.9,17.3,0.32,1.04555620056729,12329.3335952582,0.295904006286197,"08/25/2021"
211,"2021-08-25","LP","12",3.94672859572221,0.987406989153343,"REF",14,0.9622502175,0.488,48.8,17.2,0.33,1.9341113452943,22807.2904866986,0.547374971680767,"08/25/2021"
212,"2021-08-26","FH","1",3.69739639301853,0.995958049266873,"BDA",11.9,0.9800148369,0.223,22.3,14.1,0.37,1.85897822885926,21921.3110854227,0.526111466050144,"08/25/2021"
213,"2021-08-26","FH","2",2.60109033940742,0.898346693138122,"BDA",12.7,0.9800148369,0.173,17.3,14,0.19,1.30411513558545,15378.2939114459,0.369079053874702,"08/25/2021"
214,"2021-08-26","FH","3",8.41763634946295,0.987733198165449,"BDA",13.3666666666667,0.9800148369,0.104,10.4,14.1,0.12,4.21054618254987,49651.3037507997,1.19163129001919,"08/25/2021"
215,"2021-08-26","FH","4",8.4784405997592,0.982615571097441,"BDA",13.3666666666667,0.9800148369,0.208,20.8,14.1,0.22,4.24096078985042,50009.9567236133,1.20023896136672,"08/25/2021"
216,"2021-08-26","FH","5",6.32646926827773,0.989208453171581,"BDA",13.0666666666667,0.9800148369,0.224,22.4,14.1,0.25,3.16785202538109,37355.719740504,0.896537273772097,"08/25/2021"
217,"2021-08-26","FH","6",2.41780160909258,0.901573851375234,"BDA",13.3333333333333,0.9800148369,0.072,7.2,14.1,0.08,1.20953793232211,14263.027329977,0.342312655919448,"08/25/2021"
218,"2021-08-26","FH","8",1.1569586607037,0.917610015247712,"REF",12.2333333333333,0.9800148369,0.084,8.4,14.3,0.11,0.581016283213432,6851.4189635418,0.164434055125003,"08/25/2021"
219,"2021-08-26","FH","9",4.32691995824074,0.99911219342484,"REF",12.7,0.9800148369,0.306,30.6,14.3,0.35,2.16939862584476,25581.8284513282,0.613963882831876,"08/25/2021"
220,"2021-08-26","FH","10",15.581592415,0.999759880455303,"REF",12.1666666666667,0.9800148369,0.142,14.2,14.3,0.13,7.82679250293797,92294.5468614989,2.21506912467597,"08/25/2021"
221,"2021-08-26","FH","11",18.5557757272222,0.997145267044227,"REF",11.9666666666667,0.9800148369,0.274,27.4,14.3,0.3,9.32729670604461,109988.685991611,2.63972846379866,"08/25/2021"
222,"2021-08-26","FH","12",30.9061063930185,0.997263743391776,"REF",13.2,0.9800148369,0.126,12.6,14.1,0.12,15.4684004095676,182405.373074265,4.37772895378236,"08/25/2021"
223,"2021-08-29","TP","1",9.08238840790743,0.998790404428126,"BDA",6.6,0.9681717573,0.429,42.9,21.3,0.32,4.59677664387347,54205.7831749812,1.30093879619955,"08/25/2021"
224,"2021-08-29","TP","2",10.782792663963,0.99659015365231,"BDA",6.03333333333333,0.9681717573,0.443,44.3,20.7,0.29,5.46846788343059,64484.8787211916,1.5476370893086,"08/25/2021"
225,"2021-08-29","TP","3",23.3029306523148,0.999573504401029,"BDA",5.53333333333333,0.9681717573,0.35,35,20.1,0.22,11.8392410963655,139609.85828651,3.35063659887625,"08/25/2021"
226,"2021-08-29","TP","4",17.6432917112963,0.993028181445144,"BDA",8.4,0.9681717573,0.235,23.5,19.9,0.17,8.87250024837477,104625.667493408,2.51101601984179,"08/25/2021"
227,"2021-08-29","TP","5",11.6304320227408,0.973821578990336,"BDA",9.76666666666667,0.9681717573,0.474,47.4,20.3,0.43,5.82047105095259,68635.7454814973,1.64725789155593,"08/25/2021"
228,"2021-08-29","TP","6",7.76240998007405,0.992579509210357,"BDA",10.3333333333333,0.9681717573,0.433,43.3,20.1,0.29,3.87694289613081,45717.4107620694,1.09721785828967,"08/25/2021"
229,"2021-08-29","TP","7",13.6548912612592,0.998321200145015,"REF",19.5666666666667,0.9681717573,0.427,42.7,29.2,0.23,6.60471224486121,77883.618808246,1.8692068513979,"08/25/2021"
230,"2021-08-29","TP","8",14.9940245543889,0.998697525276184,"REF",14.3,0.9681717573,0.224,22.4,28.3,0.08,7.3853841541991,87089.4026708941,2.09014566410146,"08/25/2021"
231,"2021-08-29","TP","9",11.0875126396666,0.992674575515543,"REF",13.6333333333333,0.9681717573,0.468,46.8,27.8,0.22,5.47391352436884,64549.0944216304,1.54917826611913,"08/25/2021"
232,"2021-08-29","TP","10",15.8517246335185,0.994788061993546,"REF",24.7,0.9681717573,0.26,26,26.4,0.14,7.5350854781515,88854.6999946148,2.13251279987075,"08/25/2021"
233,"2021-08-29","TP","11",17.1075450140371,0.9999886515446,"REF",19.6666666666667,0.9681717573,0.38,38,26.2,0.22,8.27189339485222,97543.2339975708,2.3410376159417,"08/25/2021"
234,"2021-08-29","TP","12",17.0392430372223,0.999239133878355,"REF",12.7666666666667,0.9681717573,0.329,32.9,25.6,0.15,8.43779999722571,99499.6260549359,2.38799102531846,"08/25/2021"
235,"2021-09-07","FH","1",2.90738500611112,0.843232909991289,"BDA",7.66666666666667,0.9800148369,0.116,11.6,13.3,0.18,1.48382419812033,17497.4463595701,0.419938712629683,"09/07/2021"
236,"2021-09-07","FH","2",3.16057542012963,0.931926676354802,"BDA",13.5666666666667,0.9800148369,0.129,12.9,13.4,0.13,1.57983316242325,18629.5964519169,0.447110314846005,"09/07/2021"
237,"2021-09-07","FH","3",4.65332143074073,0.999947730294835,"BDA",10.5666666666667,0.9800148369,0.028,2.8,13.5,0.04,2.35059936379202,27718.5709283434,0.665245702280241,"09/07/2021"
238,"2021-09-07","FH","4",2.61956158209258,0.950610247415782,"BDA",10.6666666666667,0.9800148369,0.006,0.6,14,0.03,1.32279043782356,15598.5154845771,0.37436437162985,"09/07/2021"
239,"2021-09-07","FH","6",1.6063231207963,0.930557548017853,"BDA",9.7,0.9800148369,0.002,0.2,14.4,0.02,0.813912730979396,9597.76391955587,0.230346334069341,"09/07/2021"
240,"2021-09-07","FH","7",0.376292236240728,0.836577055658996,"REF",9.36666666666667,0.9800148369,0.054,5.4,14.7,0.08,0.190889733029734,2250.99635692124,0.0540239125661096,"09/07/2021"
241,"2021-09-07","FH","8",1.48355004309258,0.953013482696656,"REF",9.36666666666667,0.9800148369,0.056,5.6,14.9,0.09,0.75259185385112,8874.66022598288,0.212991845423589,"09/07/2021"
242,"2021-09-07","FH","10",15.7352844421853,0.999989214687239,"REF",10.3,0.9800148369,0.11,11,14.9,0.11,7.95607306932002,93819.0399776446,2.25165695946347,"09/07/2021"
243,"2021-09-07","FH","11",12.0232821994075,0.995880040738951,"REF",10.3,0.9800148369,0.067,6.7,14.9,0.06,6.07921083746587,71686.8384218454,1.72048412212429,"09/07/2021"
244,"2021-09-07","FH","12",18.8890766334815,0.996046429923788,"REF",15.1666666666667,0.9800148369,0.055,5.5,14.9,0.06,9.38939750042454,110720.986570026,2.65730367768062,"09/07/2021"
245,"2021-09-08","LP","1",2.74094759687037,0.980751623028891,"BDA",18.7,0.9632371408,0.333,33.3,23.5,0.2,1.32292618371387,15600.116217627,0.374402789223047,"09/07/2021"
246,"2021-09-08","LP","2",3.73155988024075,0.990866542295761,"BDA",17.6666666666667,0.9632371408,0.118,11.8,23.3,0.07,1.80745083909217,21313.6934581859,0.511528642996462,"09/07/2021"
247,"2021-09-08","LP","3",7.86431956559263,0.99998354723106,"BDA",11.5333333333333,0.9632371408,0.201,20.1,22.8,0.09,3.89134117845465,45887.1971646301,1.10129273195112,"09/07/2021"
248,"2021-09-08","LP","4",3.68535262992591,0.923094369872514,"BDA",9.66666666666667,0.9632371408,0.29,29,22.6,0.17,1.83559032764957,21645.5179372871,0.51949243049489,"09/07/2021"
249,"2021-09-08","LP","5",6.75392661779621,0.98073763742364,"BDA",9.86666666666667,0.9632371408,0.404,40.4,21.9,0.21,3.36159875162969,39640.4061300182,0.951369747120436,"09/07/2021"
250,"2021-09-08","LP","6",3.52078682066666,0.931640984218684,"BDA",11.9333333333333,0.9632371408,0.333,33.3,21.1,0.18,1.73967362778466,20514.4558390956,0.492346940138294,"09/07/2021"
251,"2021-09-08","LP","7",7.52648598659251,0.990897650859773,"REF",10.8,0.9632371408,0.433,43.3,20.5,0.27,3.73380106351849,44029.4638064143,1.05670713135394,"09/07/2021"
252,"2021-09-08","LP","8",6.7219617062407,0.923314997558593,"REF",11.2333333333333,0.9632371408,0.549,54.9,20.1,0.41,3.32960208336591,39263.0972902381,0.942314334965713,"09/07/2021"
253,"2021-09-08","LP","9",4.82737346351851,0.996378839492877,"REF",10.9666666666667,0.9632371408,0.587,58.7,19.7,0.41,2.3933975606099,28223.2527862452,0.677358066869885,"09/07/2021"
254,"2021-09-08","LP","10",8.99713065296295,0.925435724248482,"REF",11.6,0.9632371408,0.069,6.9,19.3,0.04,4.45082419528354,52484.6930731448,1.25963263375547,"09/07/2021"
255,"2021-09-08","LP","11",3.66862941933333,0.997434521984941,"REF",12.0333333333333,0.9632371408,0.377,37.7,18.9,0.18,1.8120889060023,21368.3861415071,0.51284126739617,"09/07/2021"
256,"2021-09-08","LP","12",6.9031114857408,0.868960024478863,"REF",16.1333333333333,0.9632371408,0,0,18.9,0.01,3.36138326117968,39637.8650388331,0.951308760931995,"09/07/2021"
257,"2021-09-10","TP","1",9.23433489546293,0.895622741859703,"BDA",11.7,0.9612632942,0.228,22.8,16.8,0.16,4.55720538260479,53739.1537573544,1.28973969017651,"09/07/2021"
258,"2021-09-10","TP","2",8.97858612164817,0.839402712817063,"BDA",11.7333333333333,0.9612632942,0.336,33.6,16.7,0.23,4.43047294021204,52244.7084480021,1.25387300275205,"09/07/2021"
259,"2021-09-10","TP","3",15.6377823070371,0.889155484995556,"BDA",12.1,0.9612632942,0.207,20.7,16.7,0.15,7.70652148949338,90876.2955558363,2.18103109334007,"09/07/2021"
260,"2021-09-10","TP","4",20.8692940786481,0.894605754108863,"BDA",12.8,0.9612632942,0.174,17.4,16.7,0.15,10.2594949614279,120981.288073931,2.90355091377434,"09/07/2021"
261,"2021-09-10","TP","5",12.5393671960741,0.87077371978694,"BDA",12.1333333333333,0.9612632942,0.381,38.1,16.7,0.31,6.17885604374155,72861.8675486151,1.74868482116676,"09/07/2021"
262,"2021-09-10","TP","6",9.99904263055554,0.848468347737625,"BDA",12.9333333333333,0.9612632942,0.396,39.6,16.7,0.29,4.91330903268375,57938.3739369398,1.39052097448655,"09/07/2021"
263,"2021-09-10","TP","8",17.3686883104629,0.955046199841073,"REF",16.7,0.9612632942,0.142,14.2,21.9,0.05,8.42362402262426,99332.4611337156,2.38397906720917,"09/07/2021"
264,"2021-09-10","TP","9",9.74790488942597,0.991695107378061,"REF",16.6333333333333,0.9612632942,0.47,47,21.9,0.26,4.72871553137781,55761.6235567279,1.33827896536147,"09/07/2021"
265,"2021-09-10","TP","10",13.8878260576667,0.973179768549799,"REF",17.8333333333333,0.9612632942,0.188,18.8,21.7,0.1,6.70919686756863,79115.71495787,1.89877715898888,"09/07/2021"
266,"2021-09-10","TP","11",21.4621806737223,0.997399647538962,"REF",18.4,0.9612632942,0.178,17.8,21.5,0.12,10.3481984130396,122027.290618201,2.92865497483683,"09/07/2021"
267,"2021-09-10","TP","12",24.613256359537,0.995764065500621,"REF",17.8,0.9612632942,0.293,29.3,21.5,0.18,11.8920060360973,140232.069262576,3.36556966230183,"09/07/2021"
