HydraGO Serial,HydraProbe Serial,Timestamp,Location,Latitude,Longitude,Soil Moisture (wfv),Soil Moisture (%),Soil Temperature (C),Soil Temperature (F),Bulk EC(Raw) (dS/m),Bulk EC(TC) (dS/m),Pore Water EC (dS/m),Pore Water EC Offset,Raw Real Dielectric,Raw Imaginary Dielectric,Loss Tangent
HG268352,267806,6/7/2021,Blackfoot - Lost Prairie,47.076734,-113.454637,0.4,40,+18.9,+66.1,0.24,0.26,0.82,3.4,+28.182,+8.686,0.31
HG268352,267806,6/7/2021,Blackfoot - Lost Prairie,47.07722,-113.45356,0.45,45,+19.1,+66.4,0.3,0.32,0.84,3.4,+33.280,+10.675,0.32
HG268352,267806,6/7/2021,Blackfoot - Lost Prairie,47.077068,-113.4541,0.337,33.7,+19.3,+66.8,0.16,0.18,0.74,3.4,+22.427,+5.935,0.26
HG268352,267806,6/7/2021,Blackfoot - Lost Prairie,47.077183,-113.453934,0.51,51,+19.5,+67.1,0.5,0.54,1.16,3.4,+39.962,+18.057,0.45
HG268352,267806,6/7/2021,Blackfoot - Lost Prairie,47.07697,-113.454002,0.647,64.7,+19.7,+67.5,0.57,0.62,0.9,3.4,+57.463,+20.629,0.36
HG268352,267806,6/7/2021,Blackfoot - Lost Prairie,47.076978,-113.454083,0.581,58.1,+19.7,+67.5,0.39,0.42,0.73,3.4,+48.636,+14.130,0.29
HG268352,267806,6/7/2021,Blackfoot - Lost Prairie,47.077076,-113.454242,0.631,63.1,+19.7,+67.5,0.4,0.43,0.65,3.4,+55.223,+14.503,0.26
HG268352,267806,6/7/2021,Blackfoot - Lost Prairie,47.076739,-113.454629,0.658,65.8,+19.7,+67.5,0.42,0.46,0.65,3.4,+58.984,+15.281,0.26
HG268352,267806,6/7/2021,Blackfoot - Lost Prairie,47.076754,-113.454655,0.545,54.5,+19.7,+67.5,0.32,0.34,0.66,3.4,+44.145,+11.436,0.26
HG268352,267806,6/7/2021,Blackfoot - Lost Prairie,47.076733,-113.454736,0.195,19.5,+19.7,+67.5,0.08,0.09,0.85,3.4,+11.760,+2.866,0.24
HG268352,267806,6/7/2021,Blackfoot - Lost Prairie,47.076651,-113.454749,0.663,66.3,+19.5,+67.1,0.46,0.5,0.7,3.4,+59.639,+16.640,0.28
HG268352,267806,6/7/2021,Blackfoot - Lost Prairie,47.076647,-113.454585,0.568,56.8,+19.3,+66.8,0.48,0.51,0.92,3.4,+46.908,+17.117,0.36
HG268352,267806,6/8/2021,Blackfoot - Fish Creek,46.934657,-113.354886,0.284,28.4,+14.7,+58.5,0.4,0.47,2.52,3.4,+18.068,+14.353,0.79
HG268352,267806,6/8/2021,Blackfoot - Fish Creek,46.93471,-113.354785,0.462,46.2,+16.5,+61.7,0.46,0.52,1.31,3.4,+34.621,+16.374,0.47
HG268352,267806,6/8/2021,Blackfoot - Fish Creek,46.9346,-113.354963,0.233,23.3,+16.7,+62.0,0.23,0.27,1.95,3.4,+14.260,+8.305,0.58
HG268352,267806,6/8/2021,Blackfoot - Fish Creek,46.934868,-113.355064,0.553,55.3,+18.0,+64.5,0.47,0.53,1,3.4,+45.120,+16.764,0.37
HG268352,267806,6/8/2021,Blackfoot - Fish Creek,46.934888,-113.354808,0.572,57.2,+18.0,+64.5,0.6,0.68,1.21,3.4,+47.524,+21.591,0.45
HG268352,267806,6/8/2021,Blackfoot - Fish Creek,46.934807,-113.355089,0.308,30.8,+18.6,+65.4,0.44,0.48,2.28,3.4,+19.936,+15.652,0.79
HG268352,267806,6/8/2021,Blackfoot - Fish Creek,46.934874,-113.354999,0.482,48.2,+21.3,+70.3,0.51,0.55,1.29,3.4,+36.797,+18.292,0.5
HG268352,267806,6/8/2021,Blackfoot - Fish Creek,46.934557,-113.354567,0.476,47.6,+21.5,+70.7,0.61,0.66,1.58,3.4,+36.144,+21.977,0.61
HG268352,267806,6/8/2021,Blackfoot - Fish Creek,46.934351,-113.354227,0.339,33.9,+21.7,+71.1,0.27,0.29,1.19,3.4,+22.595,+9.859,0.44
HG268352,267806,6/8/2021,Blackfoot - Fish Creek,46.934351,-113.354227,0.337,33.7,+21.9,+71.5,0.27,0.29,1.2,3.4,+22.439,+9.760,0.43
HG268352,267806,6/8/2021,Blackfoot - Fish Creek,46.934542,-113.354243,0.434,43.4,+21.9,+71.5,0.34,0.36,1,3.4,+31.582,+12.406,0.39
HG268352,267806,6/8/2021,Blackfoot - Fish Creek,46.934423,-113.354148,0.396,39.6,+21.7,+71.1,0.24,0.25,0.8,3.4,+27.802,+8.578,0.31
HG268352,267806,6/10/2021,Lolo - Teepee Creek,46.782052,-114.525412,0.662,66.2,+9.1,+48.4,0.35,0.45,0.63,3.4,+59.520,+12.638,0.21
HG268352,267806,6/10/2021,Lolo - Teepee Creek,46.781969,-114.525293,0.615,61.5,+8.8,+47.8,0.32,0.41,0.65,3.4,+53.036,+11.548,0.22
HG268352,267806,6/10/2021,Lolo - Teepee Creek,46.781839,-114.525485,0.57,57,+8.5,+47.3,0.35,0.45,0.81,3.4,+47.217,+12.410,0.26
HG268352,267806,6/10/2021,Lolo - Teepee Creek,46.781911,-114.525428,0.604,60.4,+8.3,+46.9,0.42,0.55,0.89,3.4,+51.646,+15.190,0.29
HG268352,267806,6/10/2021,Lolo - Teepee Creek,46.78204,-114.525557,0.655,65.5,+8.3,+46.9,0.41,0.53,0.76,3.4,+58.503,+14.678,0.25
HG268352,267806,6/10/2021,Lolo - Teepee Creek,46.78205,-114.524458,0.721,72.1,+8.2,+46.7,0.4,0.53,0.64,3.4,+68.214,+14.509,0.21
HG268352,267806,6/10/2021,Lolo - Teepee Creek,46.783355,-114.527873,0.64,64,+12.7,+54.8,0.26,0.31,0.46,3.4,+56.494,+9.379,0.17
HG268352,267806,6/10/2021,Lolo - Teepee Creek,46.783605,-114.527597,0.583,58.3,+12.0,+53.6,0.45,0.54,0.93,3.4,+48.904,+16.096,0.33
HG268352,267806,6/10/2021,Lolo - Teepee Creek,46.783418,-114.527642,0.589,58.9,+11.5,+52.7,0.27,0.33,0.56,3.4,+49.706,+9.645,0.19
HG268352,267806,6/10/2021,Lolo - Teepee Creek,46.783586,-114.527671,0.445,44.5,+11.2,+52.2,0.17,0.21,0.56,3.4,+32.745,+6.111,0.19
HG268352,267806,6/10/2021,Lolo - Teepee Creek,46.783628,-114.527749,0.606,60.6,+10.8,+51.5,0.28,0.35,0.57,3.4,+51.926,+10.124,0.19
HG268352,267806,6/10/2021,Lolo - Teepee Creek,46.783569,-114.527702,0.47,47,+10.3,+50.6,0.24,0.3,0.73,3.4,+35.459,+8.676,0.24
HG268352,267806,6/14/2021,Blackfoot - Lost Prairie,47.077203,-113.453415,0.422,42.2,+20.3,+68.5,0.28,0.3,0.87,3.4,+30.408,+10.199,0.34
HG268352,,6/14/2021,Blackfoot - Lost Prairie,47.077443,-113.453695,0.362,36.2,+20.5,+68.9,0.24,0.25,0.92,3.4,+24.663,+8.494,0.34
HG268352,267806,6/14/2021,Blackfoot - Lost Prairie,47.077237,-113.453618,0.337,33.7,+20.7,+69.2,0.17,0.18,0.74,3.4,+22.433,+6.156,0.27
HG268352,267806,6/14/2021,Blackfoot - Lost Prairie,47.077245,-113.45381,0.449,44.9,+20.9,+69.6,0.33,0.35,0.92,3.4,+33.206,+11.915,0.36
HG268352,267806,6/14/2021,Blackfoot - Lost Prairie,47.077371,-113.454279,0.499,49.9,+21.1,+70.0,0.35,0.38,0.85,3.4,+38.673,+12.733,0.33
HG268352,267806,6/14/2021,Blackfoot - Lost Prairie,47.077283,-113.454278,0.471,47.1,+21.3,+70.3,0.33,0.35,0.85,3.4,+35.550,+11.843,0.33
HG268352,267806,6/14/2021,Blackfoot - Lost Prairie,47.077235,-113.454279,0.617,61.7,+21.3,+70.3,0.41,0.43,0.68,3.4,+53.305,+14.761,0.28
HG268352,267806,6/14/2021,Blackfoot - Lost Prairie,47.076776,-113.454883,0.655,65.5,+21.3,+70.3,0.45,0.47,0.67,3.4,+58.517,+16.095,0.28
HG268352,267806,6/14/2021,Blackfoot - Lost Prairie,47.076768,-113.454911,0.637,63.7,+21.3,+70.3,0.45,0.48,0.72,3.4,+56.017,+16.278,0.29
HG268352,267806,6/14/2021,Blackfoot - Lost Prairie,47.076763,-113.454915,0.274,27.4,+21.3,+70.3,0.16,0.17,0.96,3.4,+17.237,+5.845,0.34
HG268352,267806,6/14/2021,Blackfoot - Lost Prairie,47.076799,-113.455023,0.635,63.5,+21.3,+70.3,0.39,0.42,0.63,3.4,+55.712,+14.164,0.25
HG268352,267806,6/14/2021,Blackfoot - Lost Prairie,47.076888,-113.454668,0.546,54.6,+21.3,+70.3,0.43,0.45,0.86,3.4,+44.258,+15.438,0.35
HG268352,267806,6/15/2021,Blackfoot - Fish Creek,46.934841,-113.354901,0.427,42.7,+19.9,+67.8,0.71,0.77,2.2,3.4,+30.873,+25.394,0.82
HG268352,267806,6/15/2021,Blackfoot - Fish Creek,46.934728,-113.354928,0.451,45.1,+20.1,+68.2,0.43,0.46,1.21,3.4,+33.357,+15.480,0.46
HG268352,267806,6/15/2021,Blackfoot - Fish Creek,46.934726,-113.355148,0.182,18.2,+20.3,+68.5,0.17,0.18,1.87,3.4,+10.947,+6.011,0.55
HG268352,267806,6/15/2021,Blackfoot - Fish Creek,46.934701,-113.355113,0.538,53.8,+20.5,+68.9,0.48,0.52,1.02,3.4,+43.233,+17.293,0.4
HG268352,267806,6/15/2021,Blackfoot - Fish Creek,46.9347,-113.355014,0.551,55.1,+20.5,+68.9,0.55,0.59,1.12,3.4,+44.892,+19.738,0.44
HG268352,267806,6/15/2021,Blackfoot - Fish Creek,46.9347,-113.355013,0.302,30.2,+20.7,+69.2,0.39,0.42,2.05,3.4,+19.495,+14.191,0.73
HG268352,267806,6/15/2021,Blackfoot - Fish Creek,46.934934,-113.354687,0.484,48.4,+21.3,+70.3,0.75,0.8,1.87,3.4,+37.043,+26.925,0.73
HG268352,267806,6/15/2021,Blackfoot - Fish Creek,46.934493,-113.354304,0.491,49.1,+21.3,+70.3,0.66,0.7,1.6,3.4,+37.822,+23.779,0.63
HG268352,267806,6/15/2021,Blackfoot - Fish Creek,46.934454,-113.354238,0.435,43.5,+21.3,+70.3,0.39,0.41,1.13,3.4,+31.776,+13.907,0.44
HG268352,267806,6/15/2021,Blackfoot - Fish Creek,46.93457,-113.354196,0.438,43.8,+21.3,+70.3,0.38,0.4,1.1,3.4,+32.020,+13.686,0.43
HG268352,267806,6/15/2021,Blackfoot - Fish Creek,46.934514,-113.354088,0.541,54.1,+21.1,+70.0,0.51,0.54,1.05,3.4,+43.584,+18.170,0.42
HG268352,267806,6/15/2021,Blackfoot - Fish Creek,46.934505,-113.354134,0.378,37.8,+20.9,+69.6,0.25,0.26,0.9,3.4,+26.077,+8.963,0.34
HG268352,267806,6/17/2021,Lolo - Teepee Creek,46.78201,-114.525084,0.572,57.2,+17.3,+63.2,0.46,0.52,0.93,3.4,+47.416,+16.575,0.35
HG268352,267806,6/17/2021,Lolo - Teepee Creek,46.782041,-114.525082,0.612,61.2,+17.2,+62.9,0.35,0.39,0.62,3.4,+52.650,+12.477,0.24
HG268352,267806,6/17/2021,Lolo - Teepee Creek,46.781835,-114.525155,0.529,52.9,+17.3,+63.2,0.35,0.4,0.81,3.4,+42.205,+12.694,0.3
HG268352,267806,6/17/2021,Lolo - Teepee Creek,46.781838,-114.525161,0.528,52.8,+17.3,+63.2,0.47,0.53,1.08,3.4,+42.070,+16.961,0.4
HG268352,267806,6/17/2021,Lolo - Teepee Creek,46.781883,-114.525172,0.558,55.8,+17.3,+63.2,0.4,0.45,0.83,3.4,+45.732,+14.406,0.32
HG268352,267806,6/17/2021,Lolo - Teepee Creek,46.782043,-114.525631,0.594,59.4,+17.2,+62.9,0.44,0.5,0.84,3.4,+50.245,+15.944,0.32
HG268352,267806,6/17/2021,Lolo - Teepee Creek,46.783325,-114.528198,0.477,47.7,+25.9,+78.6,0.3,0.3,0.72,3.4,+36.200,+10.924,0.3
HG268352,267806,6/17/2021,Lolo - Teepee Creek,46.783478,-114.527744,0.328,32.8,+25.6,+78.2,0.14,0.13,0.56,3.4,+21.608,+4.890,0.23
HG268352,267806,6/17/2021,Lolo - Teepee Creek,46.78359,-114.527637,0.501,50.1,+25.6,+78.2,0.31,0.3,0.66,3.4,+38.945,+10.984,0.28
HG268352,267806,6/17/2021,Lolo - Teepee Creek,46.783598,-114.527592,0.242,24.2,+25.6,+78.2,0.11,0.11,0.75,3.4,+14.933,+3.938,0.26
HG268352,267806,6/17/2021,Lolo - Teepee Creek,46.783598,-114.527592,0.242,24.2,+25.6,+78.2,0.11,0.11,0.75,3.4,+14.933,+3.938,0.26
HG268352,267806,6/17/2021,Lolo - Teepee Creek,46.783589,-114.52764,0.449,44.9,+25.4,+77.7,0.3,0.3,0.79,3.4,+33.223,+10.846,0.33
HG268352,267806,6/17/2021,Lolo - Teepee Creek,46.78359,-114.527685,0.395,39.5,+25.4,+77.7,0.23,0.23,0.74,3.4,+27.723,+8.306,0.3
HG268352,267806,6/28/2021,Blackfoot - Lost Prairie,47.009715,-113.222759,0.241,24.1,+34.2,+93.5,0.15,0.13,0.89,3.4,+14.843,+5.234,0.35
HG268352,267806,6/28/2021,Blackfoot - Lost Prairie,47.077368,-113.453561,0.065,6.5,+34.2,+93.5,0.04,0.04,1.96,3.4,+4.998,+1.589,0.32
HG268352,267806,6/28/2021,Blackfoot - Lost Prairie,47.077293,-113.453777,0.169,16.9,+34.2,+93.5,0.08,0.07,0.81,3.4,+10.218,+2.844,0.28
HG268352,267806,6/28/2021,Blackfoot - Lost Prairie,47.077288,-113.453878,0.289,28.9,+34.6,+94.2,0.23,0.2,1.04,3.4,+18.468,+8.169,0.44
HG268352,267806,6/28/2021,Blackfoot - Lost Prairie,47.077124,-113.454044,0.394,39.4,+34.6,+94.2,0.28,0.24,0.78,3.4,+27.673,+9.967,0.36
HG268352,267806,6/28/2021,Blackfoot - Lost Prairie,47.077154,-113.454018,0.456,45.6,+34.6,+94.2,0.31,0.28,0.72,3.4,+33.957,+11.248,0.33
HG268352,267806,6/28/2021,Blackfoot - Lost Prairie,47.077042,-113.454226,0.604,60.4,+33.4,+92.2,0.42,0.37,0.6,3.4,+51.600,+15.065,0.29
HG268352,267806,6/28/2021,Blackfoot - Lost Prairie,47.076624,-113.454715,0.589,58.9,+33.4,+92.2,0.41,0.36,0.61,3.4,+49.686,+14.772,0.3
HG268352,267806,6/28/2021,Blackfoot - Lost Prairie,47.076636,-113.454751,0.514,51.4,+33.1,+91.6,0.31,0.28,0.59,3.4,+40.477,+11.265,0.28
HG268352,267806,6/28/2021,Blackfoot - Lost Prairie,47.076669,-113.454825,0.242,24.2,+33.1,+91.6,0.13,0.12,0.82,3.4,+14.946,+4.794,0.32
HG268352,267806,6/28/2021,Blackfoot - Lost Prairie,47.076692,-113.454794,0.405,40.5,+31.7,+89.1,0.23,0.2,0.62,3.4,+28.707,+8.135,0.28
HG268352,267806,6/28/2021,Blackfoot - Lost Prairie,47.076584,-113.454621,0.454,45.4,+31.4,+88.5,0.39,0.35,0.91,3.4,+33.696,+13.959,0.41
HG268352,267806,6/29/2021,Blackfoot - Fish Creek,46.934768,-113.354875,0.291,29.1,+23.5,+74.3,0.57,0.58,3,3.4,+18.597,+20.381,1.1
HG268352,267806,6/29/2021,Blackfoot - Fish Creek,46.934631,-113.355009,0.379,37.9,+24.9,+76.8,0.36,0.36,1.24,3.4,+26.160,+12.858,0.49
HG268352,267806,6/29/2021,Blackfoot - Fish Creek,46.934711,-113.35493,0.163,16.3,+24.9,+76.8,0.15,0.15,1.83,3.4,+9.837,+5.492,0.56
HG268352,267806,6/29/2021,Blackfoot - Fish Creek,46.934713,-113.355081,0.47,47,+25.9,+78.6,0.43,0.42,1.03,3.4,+35.420,+15.312,0.43
HG268352,267806,6/29/2021,Blackfoot - Fish Creek,46.934564,-113.355157,0.485,48.5,+25.9,+78.6,0.44,0.44,1.03,3.4,+37.094,+15.935,0.43
HG268352,267806,6/29/2021,Blackfoot - Fish Creek,46.934543,-113.355195,0.201,20.1,+26.4,+79.5,0.24,0.24,2.15,3.4,+12.166,+8.731,0.72
HG268352,267806,6/29/2021,Blackfoot - Fish Creek,46.934543,-113.355195,0.373,37.3,+28.3,+83.0,0.56,0.54,1.91,3.4,+25.637,+20.310,0.79
HG268352,267806,6/29/2021,Blackfoot - Fish Creek,46.934387,-113.354347,0.359,35.9,+28.6,+83.5,0.47,0.45,1.69,3.4,+24.340,+16.936,0.7
HG268352,267806,6/29/2021,Blackfoot - Fish Creek,46.934406,-113.354436,0.261,26.1,+28.3,+83.0,0.21,0.2,1.22,3.4,+16.291,+7.494,0.46
HG268352,267806,6/29/2021,Blackfoot - Fish Creek,46.934433,-113.354242,0.362,36.2,+28.3,+83.0,0.32,0.3,1.11,3.4,+24.644,+11.454,0.46
HG268352,267806,6/29/2021,Blackfoot - Fish Creek,46.934434,-113.354233,0.505,50.5,+28.3,+83.0,0.44,0.43,0.94,3.4,+39.337,+15.984,0.41
HG268352,267806,6/29/2021,Blackfoot - Fish Creek,46.934437,-113.354232,0.208,20.8,+28.0,+82.5,0.16,0.15,1.28,3.4,+12.615,+5.711,0.45
HG268352,267806,7/1/2021,Lolo - Teepee Creek,46.782155,-114.52457,0.465,46.5,+19.5,+67.1,0.41,0.45,1.12,3.4,+34.897,+14.831,0.42
HG268352,267806,7/1/2021,Lolo - Teepee Creek,46.782044,-114.525046,0.54,54,+19.5,+67.1,0.35,0.38,0.74,3.4,+43.526,+12.591,0.29
HG268352,267806,7/1/2021,Lolo - Teepee Creek,46.782071,-114.525098,0.458,45.8,+19.7,+67.5,0.33,0.36,0.92,3.4,+34.181,+11.997,0.35
HG268352,267806,7/1/2021,Lolo - Teepee Creek,46.782154,-114.52527,0.535,53.5,+19.7,+67.5,0.51,0.55,1.09,3.4,+42.906,+18.353,0.43
HG268352,267806,7/1/2021,Lolo - Teepee Creek,46.782153,-114.525466,0.553,55.3,+19.9,+67.8,0.45,0.49,0.92,3.4,+45.089,+16.311,0.36
HG268352,267806,7/1/2021,Lolo - Teepee Creek,46.782253,-114.525445,0.571,57.1,+20.1,+68.2,0.5,0.54,0.96,3.4,+47.371,+18.033,0.38
HG268352,267806,7/1/2021,Lolo - Teepee Creek,46.783145,-114.526921,0.433,43.3,+25.6,+78.2,0.25,0.25,0.7,3.4,+31.488,+9.103,0.29
HG268352,267806,7/1/2021,Lolo - Teepee Creek,46.783453,-114.527948,0.271,27.1,+25.9,+78.6,0.13,0.13,0.75,3.4,+17.065,+4.833,0.28
HG268352,267806,7/1/2021,Lolo - Teepee Creek,46.783623,-114.527751,0.444,44.4,+25.9,+78.6,0.28,0.27,0.72,3.4,+32.691,+9.935,0.3
HG268352,267806,7/1/2021,Lolo - Teepee Creek,46.783634,-114.527658,0.19,19,+25.9,+78.6,0.1,0.1,0.98,3.4,+11.450,+3.749,0.33
HG268352,267806,7/1/2021,Lolo - Teepee Creek,46.783644,-114.527653,0.445,44.5,+25.9,+78.6,0.33,0.32,0.86,3.4,+32.759,+11.716,0.36
HG268352,267806,7/1/2021,Lolo - Teepee Creek,46.78373,-114.527684,0.368,36.8,+26.2,+79.1,0.24,0.23,0.83,3.4,+25.142,+8.506,0.34
HG268352,267806,7/12/2021,Blackfoot - Lost Prairie,47.077109,-113.453305,0.246,24.6,+23.7,+74.7,0.13,0.14,0.93,3.4,+15.216,+4.816,0.32
HG268352,267806,7/12/2021,Blackfoot - Lost Prairie,47.07729,-113.453674,0.021,2.1,+23.9,+75.1,0.02,0.02,0,3.4,+3.380,+0.856,0.25
HG268352,267806,7/12/2021,Blackfoot - Lost Prairie,47.077246,-113.453759,0.23,23,+24.2,+75.5,0.12,0.12,0.88,3.4,+14.109,+4.344,0.31
HG268352,267806,7/12/2021,Blackfoot - Lost Prairie,47.077201,-113.453953,0.326,32.6,+24.4,+75.9,0.22,0.22,0.96,3.4,+21.442,+7.739,0.36
HG268352,267806,7/12/2021,Blackfoot - Lost Prairie,47.077097,-113.454071,0.552,55.2,+24.4,+75.9,0.44,0.45,0.85,3.4,+44.961,+15.851,0.35
HG268352,267806,7/12/2021,Blackfoot - Lost Prairie,47.077052,-113.454117,0.471,47.1,+24.4,+75.9,0.33,0.33,0.8,3.4,+35.597,+11.849,0.33
HG268352,267806,7/12/2021,Blackfoot - Lost Prairie,47.077153,-113.454279,0.586,58.6,+24.2,+75.5,0.42,0.43,0.74,3.4,+49.237,+15.244,0.31
HG268352,267806,7/12/2021,Blackfoot - Lost Prairie,47.076681,-113.454852,0.517,51.7,+23.9,+75.1,0.33,0.33,0.69,3.4,+40.788,+11.722,0.29
HG268352,267806,7/12/2021,Blackfoot - Lost Prairie,47.076636,-113.454852,0.6,60,+23.9,+75.1,0.41,0.42,0.69,3.4,+51.090,+14.786,0.29
HG268352,267806,7/12/2021,Blackfoot - Lost Prairie,47.07663,-113.454897,0.215,21.5,+23.9,+75.1,0.1,0.1,0.81,3.4,+13.070,+3.427,0.26
HG268352,267806,7/12/2021,Blackfoot - Lost Prairie,47.076663,-113.454858,0.621,62.1,+23.3,+73.9,0.41,0.42,0.65,3.4,+53.819,+14.745,0.27
HG268352,267806,7/12/2021,Blackfoot - Lost Prairie,47.076588,-113.454647,0.481,48.1,+23.3,+73.9,0.36,0.37,0.87,3.4,+36.697,+13.015,0.35
HG268352,267806,7/13/2021,Blackfoot - Fish Creek,46.93462,-113.354858,0.233,23.3,+19.5,+67.1,0.38,0.41,2.96,3.4,+14.279,+13.696,0.96
HG268352,267806,7/13/2021,Blackfoot - Fish Creek,46.934753,-113.355154,0.304,30.4,+19.9,+67.8,0.31,0.34,1.64,3.4,+19.641,+11.130,0.57
HG268352,267806,7/13/2021,Blackfoot - Fish Creek,46.934699,-113.355191,0.181,18.1,+20.1,+68.2,0.19,0.21,2.19,3.4,+10.912,+6.888,0.63
HG268352,267806,7/13/2021,Blackfoot - Fish Creek,46.934799,-113.355051,0.28,28,+20.1,+68.2,0.27,0.29,1.59,3.4,+17.745,+9.729,0.55
HG268352,267806,7/13/2021,Blackfoot - Fish Creek,46.934841,-113.354772,0.364,36.4,+20.3,+68.5,0.4,0.43,1.57,3.4,+24.855,+14.371,0.58
HG268352,267806,7/13/2021,Blackfoot - Fish Creek,46.934763,-113.354968,0.124,12.4,+20.1,+68.2,0.12,0.13,2.37,3.4,+7.713,+4.373,0.57
HG268352,267806,7/13/2021,Blackfoot - Fish Creek,46.934617,-113.354938,0.382,38.2,+20.5,+68.9,0.65,0.7,2.38,3.4,+26.484,+23.414,0.88
HG268352,267806,7/13/2021,Blackfoot - Fish Creek,46.934371,-113.354369,0.333,33.3,+20.5,+68.9,0.46,0.5,2.1,3.4,+22.102,+16.703,0.76
HG268352,267806,7/13/2021,Blackfoot - Fish Creek,46.934343,-113.354385,0.364,36.4,+20.5,+68.9,0.37,0.39,1.43,3.4,+24.781,+13.174,0.53
HG268352,267806,7/13/2021,Blackfoot - Fish Creek,46.934305,-113.354346,0.228,22.8,+20.7,+69.2,0.23,0.24,1.79,3.4,+13.953,+8.210,0.59
HG268352,267806,7/13/2021,Blackfoot - Fish Creek,46.934399,-113.354071,0.45,45,+20.7,+69.2,0.45,0.48,1.26,3.4,+33.281,+16.072,0.48
HG268352,267806,7/13/2021,Blackfoot - Fish Creek,46.934533,-113.354128,0.129,12.9,+20.7,+69.2,0.11,0.11,1.89,3.4,+7.966,+3.810,0.48
HG268352,267806,7/15/2021,Lolo - Teepee Creek,46.781998,-114.525114,0.512,51.2,+24.7,+76.4,0.42,0.42,0.9,3.4,+40.132,+14.947,0.37
HG268352,267806,7/15/2021,Lolo - Teepee Creek,46.781935,-114.525013,0.474,47.4,+24.2,+75.5,0.35,0.35,0.85,3.4,+35.854,+12.490,0.35
HG268352,267806,7/15/2021,Lolo - Teepee Creek,46.781884,-114.525523,0.412,41.2,+24.2,+75.5,0.31,0.31,0.94,3.4,+29.381,+10.998,0.37
HG268352,267806,7/15/2021,Lolo - Teepee Creek,46.781941,-114.525454,0.315,31.5,+24.4,+75.9,0.26,0.26,1.19,3.4,+20.516,+9.303,0.45
HG268352,267806,7/15/2021,Lolo - Teepee Creek,46.782052,-114.525591,0.434,43.4,+24.7,+76.4,0.36,0.36,1,3.4,+31.606,+12.932,0.41
HG268352,267806,7/15/2021,Lolo - Teepee Creek,46.782218,-114.525606,0.444,44.4,+24.9,+76.8,0.33,0.33,0.88,3.4,+32.696,+11.961,0.37
HG268352,267806,7/15/2021,Lolo - Teepee Creek,46.783505,-114.527858,0.367,36.7,+29.2,+84.6,0.25,0.24,0.87,3.4,+25.064,+9.084,0.36
HG268352,267806,7/15/2021,Lolo - Teepee Creek,46.783525,-114.527637,0.24,24,+28.9,+84.0,0.09,0.09,0.62,3.4,+14.762,+3.394,0.23
HG268352,267806,7/15/2021,Lolo - Teepee Creek,46.783499,-114.527672,0.444,44.4,+28.9,+84.0,0.25,0.24,0.64,3.4,+32.636,+9.170,0.28
HG268352,267806,7/15/2021,Lolo - Teepee Creek,46.783544,-114.527749,0.246,24.6,+28.9,+84.0,0.15,0.14,0.93,3.4,+15.198,+5.330,0.35
HG268352,267806,7/15/2021,Lolo - Teepee Creek,46.783567,-114.527729,0.317,31.7,+28.9,+84.0,0.21,0.2,0.91,3.4,+20.669,+7.644,0.37
HG268352,267806,7/15/2021,Lolo - Teepee Creek,46.78369,-114.527543,0.309,30.9,+28.9,+84.0,0.2,0.19,0.9,3.4,+20.061,+7.116,0.35
HG268352,267806,7/26/2021,Blackfoot - Lost Prairie,47.009598,-113.22142,0.349,34.9,+17.2,+62.9,0.22,0.24,0.94,3.4,+23.428,+7.737,0.33
HG268352,267806,7/26/2021,Blackfoot - Lost Prairie,47.077295,-113.453772,0.11,11,+17.0,+62.6,0.06,0.07,1.51,3.4,+7.051,+2.118,0.3
HG268352,267806,7/26/2021,Blackfoot - Lost Prairie,47.077277,-113.453707,0.205,20.5,+16.7,+62.0,0.1,0.11,0.96,3.4,+12.440,+3.419,0.27
HG268352,267806,7/26/2021,Blackfoot - Lost Prairie,47.077153,-113.454035,0.24,24,+16.5,+61.7,0.15,0.17,1.17,3.4,+14.810,+5.413,0.37
HG268352,267806,7/26/2021,Blackfoot - Lost Prairie,47.07706,-113.454273,0.491,49.1,+16.2,+61.1,0.29,0.33,0.75,3.4,+37.742,+10.594,0.28
HG268352,267806,7/26/2021,Blackfoot - Lost Prairie,47.077128,-113.454117,0.432,43.2,+15.8,+60.5,0.24,0.27,0.76,3.4,+31.380,+8.508,0.27
HG268352,267806,7/26/2021,Blackfoot - Lost Prairie,47.076971,-113.454276,0.513,51.3,+15.0,+59.1,0.33,0.37,0.79,3.4,+40.301,+11.705,0.29
HG268352,267806,7/26/2021,Blackfoot - Lost Prairie,47.076688,-113.454729,0.543,54.3,+14.7,+58.5,0.35,0.4,0.78,3.4,+43.901,+12.453,0.28
HG268352,267806,7/26/2021,Blackfoot - Lost Prairie,47.076669,-113.454755,0.551,55.1,+14.6,+58.3,0.32,0.37,0.7,3.4,+44.869,+11.373,0.25
HG268352,267806,7/26/2021,Blackfoot - Lost Prairie,47.076617,-113.454811,0.267,26.7,+14.4,+58.0,0.14,0.16,0.94,3.4,+16.758,+5.001,0.3
HG268352,267806,7/26/2021,Blackfoot - Lost Prairie,47.076668,-113.454759,0.567,56.7,+14.3,+57.7,0.34,0.4,0.72,3.4,+46.790,+12.237,0.26
HG268352,267806,7/26/2021,Blackfoot - Lost Prairie,47.076761,-113.454488,0.519,51.9,+14.0,+57.2,0.36,0.43,0.9,3.4,+40.957,+13.076,0.32
HG268352,267806,7/27/2021,Blackfoot - Fish Creek,46.968001,-113.397756,0.106,10.6,+19.3,+66.8,0.14,0.15,3.42,3.4,+6.839,+4.951,0.72
HG268352,267806,7/27/2021,Blackfoot - Fish Creek,46.934696,-113.355009,0.11,11,+18.9,+66.1,0.1,0.11,2.38,3.4,+7.035,+3.749,0.53
HG268352,267806,7/27/2021,Blackfoot - Fish Creek,46.934821,-113.355005,0.054,5.4,+18.9,+66.1,0.05,0.06,4.06,3.4,+4.560,+1.826,0.4
HG268352,267806,7/27/2021,Blackfoot - Fish Creek,46.934627,-113.355287,0.144,14.4,+18.8,+65.8,0.13,0.14,2.05,3.4,+8.768,+4.743,0.54
HG268352,267806,7/27/2021,Blackfoot - Fish Creek,46.934668,-113.354774,0.194,19.4,+18.8,+65.8,0.18,0.2,1.89,3.4,+11.721,+6.558,0.56
HG268352,267806,7/27/2021,Blackfoot - Fish Creek,46.934621,-113.354996,0,0,+18.6,+65.4,0.02,0.02,0,3.4,+2.655,+0.750,0.28
HG268352,267806,7/27/2021,Blackfoot - Fish Creek,46.934577,-113.354981,0.146,14.6,+18.2,+64.8,0.18,0.2,2.85,3.4,+8.911,+6.382,0.72
HG268352,267806,7/27/2021,Blackfoot - Fish Creek,46.934384,-113.354202,0.102,10.2,+18.2,+64.8,0.12,0.13,3.14,3.4,+6.655,+4.172,0.63
HG268352,267806,7/27/2021,Blackfoot - Fish Creek,46.934398,-113.354236,0.14,14,+18.2,+64.8,0.12,0.13,1.98,3.4,+8.546,+4.251,0.5
HG268352,267806,7/27/2021,Blackfoot - Fish Creek,46.934406,-113.3542,0.016,1.6,+18.0,+64.5,0.03,0.03,0,3.4,+3.198,+1.031,0.32
HG268352,267806,7/27/2021,Blackfoot - Fish Creek,46.934403,-113.354223,0.395,39.5,+18.0,+64.5,0.37,0.4,1.29,3.4,+27.767,+13.184,0.47
HG268352,267806,7/27/2021,Blackfoot - Fish Creek,46.934393,-113.354253,0.075,7.5,+17.9,+64.1,0.07,0.07,2.7,3.4,+5.432,+2.426,0.45
HG268352,267806,7/29/2021,Lolo - Teepee Creek,46.781708,-114.525602,0.349,34.9,+21.3,+70.3,0.28,0.29,1.13,3.4,+23.505,+9.920,0.42
HG268352,267806,7/29/2021,Lolo - Teepee Creek,46.781873,-114.525394,0.467,46.7,+21.3,+70.3,0.37,0.39,0.96,3.4,+35.161,+13.153,0.37
HG268352,267806,7/29/2021,Lolo - Teepee Creek,46.782092,-114.525176,0.328,32.8,+21.1,+70.0,0.28,0.29,1.25,3.4,+21.595,+9.960,0.46
HG268352,267806,7/29/2021,Lolo - Teepee Creek,46.782056,-114.525117,0.27,27,+20.9,+69.6,0.25,0.27,1.57,3.4,+16.933,+9.095,0.54
HG268352,267806,7/29/2021,Lolo - Teepee Creek,46.782191,-114.525558,0.167,16.7,+20.9,+69.6,0.1,0.1,1.17,3.4,+10.096,+3.563,0.35
HG268352,267806,7/29/2021,Lolo - Teepee Creek,46.782207,-114.525756,0.358,35.8,+21.1,+70.0,0.28,0.3,1.13,3.4,+24.254,+10.074,0.42
HG268352,267806,7/29/2021,Lolo - Teepee Creek,46.783451,-114.527522,0.2,20,+31.4,+88.5,0.13,0.12,1.08,3.4,+12.109,+4.520,0.37
HG268352,267806,7/29/2021,Lolo - Teepee Creek,46.783479,-114.527652,0.329,32.9,+30.4,+86.8,0.17,0.16,0.69,3.4,+21.694,+6.098,0.28
HG268352,267806,7/29/2021,Lolo - Teepee Creek,46.783778,-114.527399,0.419,41.9,+30.1,+86.2,0.25,0.23,0.68,3.4,+30.106,+9.082,0.3
HG268352,267806,7/29/2021,Lolo - Teepee Creek,46.783667,-114.527664,0.118,11.8,+30.1,+86.2,0.08,0.08,1.55,3.4,+7.446,+2.953,0.4
HG268352,267806,7/29/2021,Lolo - Teepee Creek,46.783641,-114.527701,0.256,25.6,+30.1,+86.2,0.19,0.18,1.13,3.4,+15.953,+6.800,0.43
HG268352,267806,7/29/2021,Lolo - Teepee Creek,46.783602,-114.527837,0.312,31.2,+30.1,+86.2,0.21,0.19,0.88,3.4,+20.296,+7.449,0.37
HG268352,267806,8/9/2021,Blackfoot - Lost Prairie,47.009598,-113.22142,0.372,37.2,+15.7,+60.2,0.23,0.26,0.92,3.4,+25.588,+8.115,0.32
HG268352,267806,8/9/2021,Blackfoot - Lost Prairie,47.077489,-113.453618,0.155,15.5,+15.5,+59.9,0.11,0.13,1.7,3.4,+9.407,+4.000,0.43
HG268352,267806,8/9/2021,Blackfoot - Lost Prairie,47.07737,-113.453718,0.238,23.8,+15.4,+59.6,0.13,0.15,1.05,3.4,+14.630,+4.755,0.33
HG268352,267806,8/9/2021,Blackfoot - Lost Prairie,47.077148,-113.454135,0.269,26.9,+15.0,+59.1,0.18,0.21,1.22,3.4,+16.870,+6.519,0.39
HG268352,267806,8/9/2021,Blackfoot - Lost Prairie,47.077161,-113.454105,0.5,50,+14.7,+58.5,0.33,0.39,0.86,3.4,+38.810,+11.964,0.31
HG268352,267806,8/9/2021,Blackfoot - Lost Prairie,47.077138,-113.454089,0.409,40.9,+14.4,+58.0,0.27,0.32,0.98,3.4,+29.119,+9.760,0.34
HG268352,267806,8/9/2021,Blackfoot - Lost Prairie,47.077038,-113.454205,0.521,52.1,+14.0,+57.2,0.33,0.39,0.81,3.4,+41.188,+11.895,0.29
HG268352,267806,8/9/2021,Blackfoot - Lost Prairie,47.076659,-113.454964,0.507,50.7,+13.8,+56.9,0.33,0.39,0.84,3.4,+39.639,+11.882,0.3
HG268352,267806,8/9/2021,Blackfoot - Lost Prairie,47.076719,-113.45476,0.579,57.9,+13.8,+56.9,0.38,0.45,0.79,3.4,+48.298,+13.776,0.29
HG268352,267806,8/9/2021,Blackfoot - Lost Prairie,47.076633,-113.454844,0.092,9.2,+13.8,+56.9,0.06,0.07,1.98,3.4,+6.181,+2.173,0.35
HG268352,267806,8/9/2021,Blackfoot - Lost Prairie,47.076745,-113.454913,0.569,56.9,+13.7,+56.6,0.37,0.44,0.79,3.4,+47.139,+13.331,0.28
HG268352,267806,8/9/2021,Blackfoot - Lost Prairie,47.076659,-113.454574,0.492,49.2,+13.5,+56.4,0.35,0.41,0.93,3.4,+37.876,+12.585,0.33
HG268352,267806,8/10/2021,Blackfoot - Fish Creek,46.969312,-113.401442,0.256,25.6,+15.0,+59.1,0.39,0.46,2.88,3.4,+15.952,+14.063,0.88
HG268352,267806,8/10/2021,Blackfoot - Fish Creek,46.934792,-113.354417,0.184,18.4,+15.2,+59.4,0.18,0.21,2.14,3.4,+11.119,+6.431,0.58
HG268352,267806,8/10/2021,Blackfoot - Fish Creek,46.934689,-113.355006,0.12,12,+15.2,+59.4,0.1,0.12,2.29,3.4,+7.507,+3.676,0.49
HG268352,267806,8/10/2021,Blackfoot - Fish Creek,46.934776,-113.355008,0.151,15.1,+15.2,+59.4,0.13,0.15,2.04,3.4,+9.158,+4.527,0.49
HG268352,267806,8/10/2021,Blackfoot - Fish Creek,46.934596,-113.354954,0.137,13.7,+15.2,+59.4,0.11,0.13,2.04,3.4,+8.397,+4.104,0.49
HG268352,267806,8/10/2021,Blackfoot - Fish Creek,46.934636,-113.354999,0.086,8.6,+15.4,+59.6,0.08,0.09,2.8,3.4,+5.924,+2.895,0.49
HG268352,267806,8/10/2021,Blackfoot - Fish Creek,46.934668,-113.354881,0.21,21,+15.5,+59.9,0.34,0.4,3.36,3.4,+12.737,+12.296,0.97
HG268352,267806,8/10/2021,Blackfoot - Fish Creek,46.934475,-113.354305,0.195,19.5,+15.5,+59.9,0.22,0.26,2.44,3.4,+11.752,+8.062,0.69
HG268352,267806,8/10/2021,Blackfoot - Fish Creek,46.93444,-113.354314,0.234,23.4,+15.5,+59.9,0.23,0.26,1.87,3.4,+14.341,+8.156,0.57
HG268352,267806,8/10/2021,Blackfoot - Fish Creek,46.93444,-113.354313,0.145,14.5,+15.5,+59.9,0.12,0.14,2.02,3.4,+8.832,+4.402,0.5
HG268352,267806,8/10/2021,Blackfoot - Fish Creek,46.934366,-113.354155,0.397,39.7,+15.5,+59.9,0.36,0.42,1.34,3.4,+27.971,+13.046,0.47
HG268352,267806,8/10/2021,Blackfoot - Fish Creek,46.934377,-113.354143,0.113,11.3,+15.5,+59.9,0.09,0.1,2.09,3.4,+7.155,+3.207,0.45
HG268352,267806,8/12/2021,Lolo - Teepee Creek,46.781434,-114.524132,0.431,43.1,+18.9,+66.1,0.32,0.35,0.98,3.4,+31.361,+11.548,0.37
HG268352,267806,8/12/2021,Lolo - Teepee Creek,46.781919,-114.525241,0.404,40.4,+18.6,+65.4,0.28,0.31,0.97,3.4,+28.584,+10.212,0.36
HG268352,267806,8/12/2021,Lolo - Teepee Creek,46.78206,-114.525237,0.371,37.1,+18.2,+64.8,0.24,0.26,0.93,3.4,+25.438,+8.479,0.33
HG268352,267806,8/12/2021,Lolo - Teepee Creek,46.781984,-114.525318,0.371,37.1,+18.0,+64.5,0.3,0.33,1.17,3.4,+25.466,+10.946,0.43
HG268352,267806,8/12/2021,Lolo - Teepee Creek,46.782135,-114.525661,0.45,45,+17.7,+63.8,0.48,0.53,1.39,3.4,+33.342,+17.108,0.51
HG268352,267806,8/12/2021,Lolo - Teepee Creek,46.782282,-114.525614,0.43,43,+17.7,+63.8,0.33,0.37,1.05,3.4,+31.177,+12.012,0.39
HG268352,267806,8/12/2021,Lolo - Teepee Creek,46.783601,-114.52762,0.368,36.8,+25.9,+78.6,0.21,0.21,0.76,3.4,+25.182,+7.693,0.31
HG268352,267806,8/12/2021,Lolo - Teepee Creek,46.783525,-114.527786,0.326,32.6,+25.6,+78.2,0.17,0.17,0.74,3.4,+21.506,+6.231,0.29
HG268352,267806,8/12/2021,Lolo - Teepee Creek,46.783534,-114.527697,0.431,43.1,+25.4,+77.7,0.23,0.23,0.65,3.4,+31.304,+8.370,0.27
HG268352,267806,8/12/2021,Lolo - Teepee Creek,46.783559,-114.527649,0.235,23.5,+25.4,+77.7,0.15,0.15,1.07,3.4,+14.452,+5.506,0.38
HG268352,267806,8/12/2021,Lolo - Teepee Creek,46.78363,-114.527637,0.38,38,+25.1,+77.3,0.28,0.27,0.93,3.4,+26.310,+9.894,0.38
HG268352,267806,8/12/2021,Lolo - Teepee Creek,46.783704,-114.527884,0.356,35.6,+24.9,+76.8,0.21,0.21,0.8,3.4,+24.072,+7.600,0.32
HG268352,267806,8/25/2021,Blackfoot - Lost Prairie,47.077275,-113.453795,0.307,30.7,+21.5,+70.7,0.17,0.18,0.86,3.4,+19.911,+6.162,0.31
HG268352,267806,8/25/2021,Blackfoot - Lost Prairie,47.07729,-113.453662,0.182,18.2,+21.5,+70.7,0.11,0.12,1.25,3.4,+10.965,+4.019,0.37
HG268352,267806,8/25/2021,Blackfoot - Lost Prairie,47.077251,-113.453632,0.163,16.3,+21.1,+70.0,0.07,0.08,0.97,3.4,+9.865,+2.650,0.27
HG268352,267806,8/25/2021,Blackfoot - Lost Prairie,47.077151,-113.453903,0.283,28.3,+20.5,+68.9,0.15,0.16,0.86,3.4,+17.970,+5.217,0.29
HG268352,267806,8/25/2021,Blackfoot - Lost Prairie,47.077116,-113.454114,0.495,49.5,+20.3,+68.5,0.35,0.38,0.86,3.4,+38.228,+12.619,0.33
HG268352,267806,8/25/2021,Blackfoot - Lost Prairie,47.077128,-113.454118,0.523,52.3,+19.7,+67.5,0.39,0.42,0.87,3.4,+41.427,+14.043,0.34
HG268352,267806,8/25/2021,Blackfoot - Lost Prairie,47.077243,-113.454411,0.453,45.3,+19.3,+66.8,0.27,0.29,0.75,3.4,+33.652,+9.747,0.29
HG268352,267806,8/25/2021,Blackfoot - Lost Prairie,47.07678,-113.454929,0.514,51.4,+18.2,+64.8,0.3,0.33,0.7,3.4,+40.441,+10.858,0.27
HG268352,267806,8/25/2021,Blackfoot - Lost Prairie,47.076728,-113.454748,0.603,60.3,+18.0,+64.5,0.35,0.39,0.64,3.4,+51.520,+12.717,0.25
HG268352,267806,8/25/2021,Blackfoot - Lost Prairie,47.07657,-113.454921,0.153,15.3,+17.9,+64.1,0.08,0.09,1.2,3.4,+9.286,+2.928,0.32
HG268352,267806,8/25/2021,Blackfoot - Lost Prairie,47.076736,-113.454914,0.519,51.9,+17.3,+63.2,0.29,0.32,0.67,3.4,+40.979,+10.382,0.25
HG268352,267806,8/25/2021,Blackfoot - Lost Prairie,47.076699,-113.454694,0.488,48.8,+17.2,+62.9,0.3,0.33,0.76,3.4,+37.390,+10.766,0.29
HG268352,267806,8/26/2021,Blackfoot - Fish Creek,46.934939,-113.354911,0.223,22.3,+14.1,+57.4,0.31,0.37,2.85,3.4,+13.584,+11.174,0.82
HG268352,267806,8/26/2021,Blackfoot - Fish Creek,46.934888,-113.354895,0.173,17.3,+14.0,+57.2,0.16,0.19,2.13,3.4,+10.417,+5.909,0.57
HG268352,267806,8/26/2021,Blackfoot - Fish Creek,46.934686,-113.355082,0.104,10.4,+14.1,+57.4,0.1,0.12,2.82,3.4,+6.735,+3.546,0.53
HG268352,267806,8/26/2021,Blackfoot - Fish Creek,46.934755,-113.35494,0.208,20.8,+14.1,+57.4,0.18,0.22,1.88,3.4,+12.602,+6.558,0.52
HG268352,267806,8/26/2021,Blackfoot - Fish Creek,46.934589,-113.354935,0.224,22.4,+14.1,+57.4,0.21,0.25,1.92,3.4,+13.644,+7.516,0.55
HG268352,267806,8/26/2021,Blackfoot - Fish Creek,46.934553,-113.354828,0.072,7.2,+14.1,+57.4,0.07,0.08,3.27,3.4,+5.323,+2.501,0.47
HG268352,267806,8/26/2021,Blackfoot - Fish Creek,46.934687,-113.354722,0.199,19.9,+14.3,+57.7,0.3,0.35,3.19,3.4,+12.006,+10.743,0.89
HG268352,267806,8/26/2021,Blackfoot - Fish Creek,46.934537,-113.354267,0.084,8.4,+14.3,+57.7,0.1,0.11,3.59,3.4,+5.804,+3.471,0.6
HG268352,267806,8/26/2021,Blackfoot - Fish Creek,46.934427,-113.354304,0.306,30.6,+14.3,+57.7,0.3,0.35,1.67,3.4,+19.811,+10.755,0.54
HG268352,267806,8/26/2021,Blackfoot - Fish Creek,46.934373,-113.354251,0.142,14.2,+14.3,+57.7,0.11,0.13,1.94,3.4,+8.668,+3.988,0.46
HG268352,267806,8/26/2021,Blackfoot - Fish Creek,46.934554,-113.354177,0.274,27.4,+14.3,+57.7,0.25,0.3,1.7,3.4,+17.273,+9.134,0.53
HG268352,267806,8/26/2021,Blackfoot - Fish Creek,46.934526,-113.354234,0.126,12.6,+14.1,+57.4,0.1,0.12,2.12,3.4,+7.845,+3.636,0.46
HG268352,267806,8/29/2021,Lolo - Teepee Creek,46.78206,-114.525007,0.429,42.9,+21.3,+70.3,0.3,0.32,0.9,3.4,+31.164,+10.732,0.34
HG268352,267806,8/29/2021,Lolo - Teepee Creek,46.781998,-114.525136,0.443,44.3,+20.7,+69.2,0.28,0.29,0.78,3.4,+32.518,+9.917,0.3
HG268352,267806,8/29/2021,Lolo - Teepee Creek,46.781894,-114.525224,0.35,35,+20.1,+68.2,0.2,0.22,0.86,3.4,+23.562,+7.225,0.31
HG268352,267806,8/29/2021,Lolo - Teepee Creek,46.78202,-114.525293,0.235,23.5,+19.9,+67.8,0.16,0.17,1.21,3.4,+14.453,+5.699,0.39
HG268352,267806,8/29/2021,Lolo - Teepee Creek,46.782179,-114.525766,0.474,47.4,+20.3,+68.5,0.4,0.43,1.04,3.4,+35.860,+14.559,0.41
HG268352,267806,8/29/2021,Lolo - Teepee Creek,46.782064,-114.525762,0.433,43.3,+20.1,+68.2,0.27,0.29,0.81,3.4,+31.542,+9.849,0.31
HG268352,267806,8/29/2021,Lolo - Teepee Creek,46.783419,-114.527837,0.427,42.7,+29.2,+84.6,0.24,0.23,0.66,3.4,+30.892,+8.704,0.28
HG268352,267806,8/29/2021,Lolo - Teepee Creek,46.78366,-114.527423,0.224,22.4,+28.3,+83.0,0.09,0.08,0.61,3.4,+13.687,+3.094,0.23
HG268352,267806,8/29/2021,Lolo - Teepee Creek,46.783618,-114.527775,0.468,46.8,+27.8,+82.0,0.23,0.22,0.54,3.4,+35.218,+8.226,0.23
HG268352,267806,8/29/2021,Lolo - Teepee Creek,46.783486,-114.527711,0.26,26,+26.4,+79.5,0.14,0.14,0.86,3.4,+16.249,+5.028,0.31
HG268352,267806,8/29/2021,Lolo - Teepee Creek,46.783624,-114.527718,0.38,38,+26.2,+79.1,0.23,0.22,0.75,3.4,+26.302,+8.149,0.31
HG268352,267806,8/29/2021,Lolo - Teepee Creek,46.783649,-114.527773,0.329,32.9,+25.6,+78.2,0.15,0.15,0.64,3.4,+21.737,+5.472,0.25
HG268352,267806,9/7/2021,Blackfoot - Fish Creek,46.934735,-113.355188,0.116,11.6,+13.3,+55.9,0.15,0.18,3.62,3.4,+7.308,+5.344,0.73
HG268352,267806,9/7/2021,Blackfoot - Fish Creek,46.934874,-113.355009,0.129,12.9,+13.4,+56.1,0.11,0.13,2.24,3.4,+7.961,+4.024,0.51
HG268352,267806,9/7/2021,Blackfoot - Fish Creek,46.934634,-113.354972,0.028,2.8,+13.5,+56.4,0.03,0.04,15.86,3.4,+3.598,+1.212,0.34
HG268352,267806,9/7/2021,Blackfoot - Fish Creek,46.934603,-113.355157,0.006,0.6,+14.0,+57.2,0.03,0.03,0,3.4,+2.870,+0.942,0.33
HG268352,267806,9/7/2021,Blackfoot - Fish Creek,46.934597,-113.354909,0.149,14.9,+14.3,+57.7,0.12,0.15,2.08,3.4,+9.073,+4.449,0.49
HG268352,267806,9/7/2021,Blackfoot - Fish Creek,46.934631,-113.35493,0.002,0.2,+14.4,+58.0,0.02,0.02,0,3.4,+2.767,+0.728,0.26
HG268352,267806,9/7/2021,Blackfoot - Fish Creek,46.93471,-113.354877,0.054,5.4,+14.7,+58.5,0.06,0.08,5.3,3.4,+4.584,+2.331,0.51
HG268352,267806,9/7/2021,Blackfoot - Fish Creek,46.934524,-113.354218,0.056,5.6,+14.9,+58.8,0.07,0.09,5.73,3.4,+4.632,+2.669,0.58
HG268352,267806,9/7/2021,Blackfoot - Fish Creek,46.934496,-113.354225,0.198,19.8,+14.9,+58.8,0.19,0.22,2.02,3.4,+11.967,+6.852,0.57
HG268352,267806,9/7/2021,Blackfoot - Fish Creek,46.934338,-113.354256,0.11,11,+14.9,+58.8,0.09,0.11,2.37,3.4,+7.040,+3.287,0.47
HG268352,267806,9/7/2021,Blackfoot - Fish Creek,46.934603,-113.354246,0.067,6.7,+14.9,+58.8,0.05,0.06,2.76,3.4,+5.106,+1.958,0.38
HG268352,267806,9/7/2021,Blackfoot - Fish Creek,46.934603,-113.354246,0.055,5.5,+14.9,+58.8,0.05,0.06,3.93,3.4,+4.598,+1.878,0.41
HG268352,267806,9/7/2021,Blackfoot - Fish Creek,46.934603,-113.354246,0.055,5.5,+14.9,+58.8,0.05,0.06,3.93,3.4,+4.598,+1.878,0.41
HG268352,267806,9/8/2021,Blackfoot - Lost Prairie,47.077315,-113.453668,0.333,33.3,+23.5,+74.3,0.2,0.2,0.84,3.4,+22.100,+7.108,0.32
HG268352,267806,9/8/2021,Blackfoot - Lost Prairie,47.077314,-113.453643,0.118,11.8,+23.3,+73.9,0.07,0.07,1.36,3.4,+7.441,+2.558,0.34
HG268352,267806,9/8/2021,Blackfoot - Lost Prairie,47.077391,-113.453745,0.201,20.1,+22.8,+73.0,0.09,0.09,0.81,3.4,+12.167,+3.177,0.26
HG268352,267806,9/8/2021,Blackfoot - Lost Prairie,47.077161,-113.453931,0.29,29,+22.6,+72.6,0.16,0.17,0.88,3.4,+18.531,+5.882,0.32
HG268352,267806,9/8/2021,Blackfoot - Lost Prairie,47.077297,-113.45402,0.404,40.4,+21.9,+71.5,0.21,0.21,0.65,3.4,+28.657,+7.401,0.26
HG268352,267806,9/8/2021,Blackfoot - Lost Prairie,47.076945,-113.454282,0.333,33.3,+21.1,+70.0,0.18,0.18,0.76,3.4,+22.058,+6.317,0.29
HG268352,267806,9/8/2021,Blackfoot - Lost Prairie,47.077126,-113.454214,0.433,43.3,+20.5,+68.9,0.26,0.27,0.75,3.4,+31.564,+9.176,0.29
HG268352,267806,9/8/2021,Blackfoot - Lost Prairie,47.07673,-113.454742,0.549,54.9,+20.1,+68.2,0.38,0.41,0.78,3.4,+44.602,+13.762,0.31
HG268352,267806,9/8/2021,Blackfoot - Lost Prairie,47.076753,-113.454779,0.587,58.7,+19.7,+67.5,0.39,0.41,0.7,3.4,+49.445,+13.860,0.28
HG268352,267806,9/8/2021,Blackfoot - Lost Prairie,47.076721,-113.454768,0.069,6.9,+19.3,+66.8,0.04,0.04,1.78,3.4,+5.161,+1.399,0.27
HG268352,267806,9/8/2021,Blackfoot - Lost Prairie,47.076731,-113.454808,0.377,37.7,+18.9,+66.1,0.16,0.18,0.62,3.4,+26.033,+5.930,0.23
HG268352,267806,9/8/2021,Blackfoot - Lost Prairie,47.076697,-113.454573,0,0,+18.9,+66.1,0.01,0.01,0,3.4,+1.779,+0.231,0.13
HG268352,267806,9/10/2021,Lolo - Teepee Creek,46.781945,-114.524588,0.228,22.8,+16.8,+62.3,0.14,0.16,1.2,3.4,+13.909,+5.110,0.37
HG268352,267806,9/10/2021,Lolo - Teepee Creek,46.781958,-114.525191,0.336,33.6,+16.7,+62.0,0.21,0.23,0.96,3.4,+22.284,+7.425,0.33
HG268352,267806,9/10/2021,Lolo - Teepee Creek,46.781892,-114.525292,0.207,20.7,+16.7,+62.0,0.14,0.15,1.29,3.4,+12.528,+4.876,0.39
HG268352,267806,9/10/2021,Lolo - Teepee Creek,46.781926,-114.525243,0.174,17.4,+16.7,+62.0,0.14,0.15,1.66,3.4,+10.500,+4.929,0.47
HG268352,267806,9/10/2021,Lolo - Teepee Creek,46.782208,-114.525474,0.381,38.1,+16.7,+62.0,0.27,0.31,1.06,3.4,+26.390,+9.755,0.37
HG268352,267806,9/10/2021,Lolo - Teepee Creek,46.782221,-114.525573,0.396,39.6,+16.7,+62.0,0.25,0.29,0.93,3.4,+27.846,+9.054,0.33
HG268352,267806,9/10/2021,Lolo - Teepee Creek,46.782221,-114.525573,0.396,39.6,+16.7,+62.0,0.25,0.29,0.93,3.4,+27.846,+9.054,0.33
HG268352,267806,9/10/2021,Lolo - Teepee Creek,46.783717,-114.527677,0.217,21.7,+22.1,+71.9,0.12,0.12,0.96,3.4,+13.195,+4.182,0.32
HG268352,267806,9/10/2021,Lolo - Teepee Creek,46.78359,-114.527394,0.142,14.2,+21.9,+71.5,0.05,0.05,0.75,3.4,+8.661,+1.646,0.19
HG268352,267806,9/10/2021,Lolo - Teepee Creek,46.783465,-114.52765,0.47,47,+21.9,+71.5,0.25,0.26,0.64,3.4,+35.442,+9.003,0.25
HG268352,267806,9/10/2021,Lolo - Teepee Creek,46.783573,-114.527641,0.188,18.8,+21.7,+71.1,0.09,0.1,0.99,3.4,+11.313,+3.294,0.29
HG268352,267806,9/10/2021,Lolo - Teepee Creek,46.783733,-114.527679,0.178,17.8,+21.5,+70.7,0.11,0.12,1.29,3.4,+10.707,+3.978,0.37
HG268352,267806,9/10/2021,Lolo - Teepee Creek,46.783625,-114.527854,0.293,29.3,+21.5,+70.7,0.17,0.18,0.92,3.4,+18.763,+6.034,0.32