"","Date","Site","Chamber","CO2_slope","CH4_slope","R2_CO2","R2_CH4","Reach","AvgTemp","Baro_pressure_atm","Soil_Moisture_wfv","Soil_Moisture_Percent","Soil_Temp_C","EC","CH4am","CH4_flux_micrograms","CH4_flux_g"
"1","2021-06-07","LP",1,8.76934940550007,0.0421814403264815,0.997043373574664,0.999578710080461,"BDA",24.4,0.9543548311,0.4,40,18.9,0.26,0.019784651564063,233.303163490332,0.00559927592376797
"2","2021-06-07","LP",3,10.160312718111,0.0250602418225926,0.997736618873877,0.993129050344413,"BDA",15.5333333333333,0.9543548311,0.337,33.7,19.3,0.18,0.0121153852807501,142.866186131748,0.00342878846716195
"3","2021-06-07","LP",4,10.4582543876482,0.0138347423046297,0.996676612138911,0.999807083070674,"BDA",24.8,0.9543548311,0.51,51,19.5,0.54,0.00648028857440812,76.4163988354408,0.00183399357205058
"4","2021-06-07","LP",5,1.07700539896296,0.0124065623644445,0.730345316949067,0.981966314622393,"BDA",16.5333333333333,0.9543548311,0.647,64.7,19.7,0.62,0.00597724225432049,70.4844117353095,0.00169162588164743
"5","2021-06-07","LP",6,5.39028025879628,0.00266247397296299,0.99988800293751,0.999670172305271,"BDA",16.8666666666667,0.9543548311,0.581,58.1,19.7,0.42,0.00128125348566198,15.1087063863644,0.000362608953272746
"6","2021-06-07","LP",7,8.71360908659262,0.00186941363111116,0.999840994212164,0.999594755943145,"REF",12.3666666666667,0.9543548311,0.631,63.1,19.7,0.43,0.00091379784178776,10.7756220315229,0.000258614928756551
"7","2021-06-07","LP",8,8.22597055044447,0.0309244435055555,0.988162192928079,0.999263702669764,"REF",11.9666666666667,0.9543548311,0.658,65.8,19.7,0.46,0.0151375571575682,178.50402676746,0.00428409664241904
"8","2021-06-07","LP",9,5.87654436485188,0.139505026856851,0.999466656394186,0.996589224145381,"REF",11.5666666666667,0.9543548311,0.545,54.5,19.7,0.34,0.0683838890077336,806.391640793678,0.0193533993790483
"9","2021-06-07","LP",10,8.6034843243704,-0.00246977907074084,0.997053618853621,0.921811793681004,"REF",13.4666666666667,0.9543548311,0.195,19.5,19.7,0.09,-0.00120262984322692,-14.1815662522137,-0.000340357590053129
"10","2021-06-07","LP",11,5.3571149525926,0.009422109625,0.999991456334412,0.992176994249944,"REF",14.1,0.9543548311,0.663,66.3,19.5,0.5,0.00457786441326494,53.9827677119419,0.00129558642508661
"11","2021-06-07","LP",12,8.5297109910741,0.0104987802359258,0.999019221248131,0.99911437854445,"REF",22.5,0.9543548311,0.568,56.8,19.3,0.51,0.00495597748879379,58.441525875678,0.00140259662101627
"12","2021-06-08","FH",1,6.85052120998148,-0.000508853844259174,0.999991794782918,0.999109391753017,"BDA",15.5,0.9691586806,0.284,28.4,14.7,0.47,-0.000249850499088929,-2.94626931631009,-0.0000707104635914423
"13","2021-06-08","FH",3,6.37296654964815,-0.00127005212425934,0.999757123970504,0.999830455516621,"BDA",20.7333333333333,0.9691586806,0.233,23.3,16.7,0.27,-0.000612493226729563,-7.22259914205245,-0.000173342379409259
"14","2021-06-08","FH",4,10.1998448580741,0.00328493757240731,0.999267353871349,0.997620693179031,"BDA",25.1666666666667,0.9691586806,0.553,55.3,18,0.53,0.00156063380268776,18.4031951251725,0.00044167668300414
"15","2021-06-08","FH",5,7.37964208005548,0.00112894372851849,0.996343224549469,0.987610904513393,"BDA",24.3,0.9691586806,0.572,57.2,18,0.68,0.000537910925197729,6.34311502117096,0.000152234760508103
"16","2021-06-08","FH",6,6.45337215925926,-0.000188643961481516,0.999918721039464,0.996773848075638,"BDA",27.5,0.9691586806,0.308,30.8,18.6,0.48,-0.0000889265432055383,-1.04863326912446,-0.0000251671984589871
"17","2021-06-08","FH",7,8.09794410572219,0.0000408938883333234,0.997514951593614,0.987433244534677,"REF",17.6,0.9691586806,0.482,48.2,21.3,0.55,0.0000199340606708423,0.235065014951451,0.00000564156035883481
"18","2021-06-08","FH",8,8.13480167794438,-0.000157326907962998,0.997993457725262,0.999843365320718,"REF",15.2333333333333,0.9691586806,0.476,47.6,21.5,0.66,-0.0000773199887197603,-0.911767281366887,-0.0000218824147528053
"19","2021-06-08","FH",9,9.60153036148153,0.00167825093611115,0.996691884877767,0.999468072203705,"REF",16.1333333333333,0.9691586806,0.339,33.9,21.7,0.29,0.000822226962266715,9.69580640744306,0.000232699353778633
"20","2021-06-08","FH",10,7.26281486388885,0.00130613348648149,0.999987350318273,0.999714517030691,"REF",15.0333333333333,0.9691586806,0.337,33.7,21.9,0.29,0.000642358969201327,7.5747798300008,0.000181794715920019
"21","2021-06-08","FH",11,6.61065470524069,0.0176041068783333,0.99998450955044,0.998376197786184,"REF",14.5333333333333,0.9691586806,0.434,43.4,21.9,0.36,0.00867278891751629,102.270645716892,0.00245449549720541
"22","2021-06-08","FH",12,22.784071928148,0.0118444367555556,0.999952132748464,0.999980740398432,"REF",15.0666666666667,0.9691586806,0.396,39.6,21.7,0.25,0.00582444280622437,68.682580932024,0.00164838194236858
"23","2021-06-10","TP",1,3.17091555964815,0.000117344964999996,0.999999515855576,0.974533938957906,"BDA",6.33333333333333,0.9583025243,0.662,66.2,9.1,0.45,0.0000588413213736391,0.693864452248261,0.0000166527468539583
"24","2021-06-10","TP",2,3.47692580412963,0.0126490309124073,0.999851819286912,0.998627011617341,"BDA",6.8,0.9583025243,0.615,61.5,8.8,0.41,0.00633213645033141,74.6693698765033,0.00179206487703608
"25","2021-06-10","TP",3,5.3750899498889,0.00977019912055549,0.989004027812441,0.972139051135438,"BDA",6.66666666666667,0.9583025243,0.57,57,8.5,0.45,0.00489331788590487,57.7026357552381,0.00138486325812571
"26","2021-06-10","TP",5,0.451278975944447,0.0278908536640742,0.287378562036548,0.983992873157632,"BDA",6.86666666666667,0.9583025243,0.655,65.5,8.3,0.53,0.0139589050432622,164.605208987841,0.00395052501570819
"27","2021-06-10","TP",7,10.5057136575741,0.00697736181888899,0.994405693417673,0.999967649863213,"REF",6.46666666666667,0.9583025243,0.64,64,12.7,0.31,0.00349705087562888,41.2376750497244,0.000989704201193386
"28","2021-06-10","TP",8,2.81894482505555,0.00863586509203698,0.955252752674564,0.999161642106546,"REF",6.53333333333333,0.9583025243,0.583,58.3,12,0.54,0.00432725976824779,51.0276054095605,0.00122466252982945
"29","2021-06-10","TP",9,1.23061123159258,0.00564265509574066,0.935538853753592,0.984422468810814,"REF",6.4,0.9583025243,0.589,58.9,11.5,0.33,0.00282877121690339,33.3572351050505,0.000800573642521213
"30","2021-06-14","LP",1,16.9628751714074,0.0228457364187038,0.994555681008946,0.98904884845071,"BDA",29.2333333333333,0.9839625301,0.422,42.2,20.3,0.3,0.010871249179476,128.195172730279,0.00307668414552669
"31","2021-06-14","LP",2,15.4126864820925,0.00183280040129632,0.997284970139367,0.979485163344682,"BDA",28.3333333333333,0.9839625301,0.362,36.2,20.5,0.25,0.000874751397510611,10.3151813235625,0.0002475643517655
"32","2021-06-14","LP",3,16.5634478092037,0.00295949404777783,0.996624406624871,0.99260139472912,"BDA",22.6666666666667,0.9839625301,0.337,33.7,20.7,0.18,0.00143956657798221,16.9755547936084,0.000407413315046601
"33","2021-06-14","LP",4,10.2396964943519,0.0312590955175925,0.976030172512161,0.995363867464222,"BDA",25.5666666666667,0.9839625301,0.449,44.9,20.9,0.35,0.0150574606719396,177.559518676373,0.00426142844823294
"34","2021-06-14","LP",5,9.51908204412965,0.0169418492155555,0.987427103823528,0.985730273385524,"BDA",15.8333333333333,0.9839625301,0.499,49.9,21.1,0.38,0.00843587526047126,99.4769293108338,0.00238744630346001
"35","2021-06-14","LP",6,6.78164443559253,0.00292002585240748,0.973187203026239,0.980807367130854,"BDA",24.4333333333333,0.9839625301,0.471,47.1,21.3,0.35,0.00141193176108167,16.6496814677884,0.000399592355226921
"36","2021-06-14","LP",7,9.5666077089259,0.000969999429999987,0.991920433260554,0.977134255115367,"REF",19.8,0.9839625301,0.617,61.7,21.3,0.43,0.000476449698158156,5.61835630333862,0.000134840551280127
"37","2021-06-14","LP",8,10.4996175687592,0.0215867903392593,0.99084302082202,0.98988035777444,"REF",20.0666666666667,0.9839625301,0.655,65.5,21.3,0.47,0.010593471395799,124.919581271448,0.00299806995051475
"38","2021-06-14","LP",9,7.25093785518514,0.0983455957218517,0.977306023312472,0.987174648731598,"REF",18.6333333333333,0.9839625301,0.637,63.7,21.3,0.48,0.0484991808058236,571.908596522413,0.0137258063165379
"39","2021-06-14","LP",11,4.58456891253698,0.00600229392629615,0.944979353912794,0.93826379824805,"REF",22.0333333333333,0.9839625301,0.635,63.5,21.3,0.42,0.00292592252287739,34.5028558377463,0.000828068540105912
"40","2021-06-14","LP",12,11.454765361111,0.0119878390379628,0.979176792234144,0.990745146380936,"REF",27.3,0.9839625301,0.546,54.6,21.3,0.45,0.0057411939730065,67.7008999515064,0.00162482159883615
"41","2021-06-15","FH",2,17.7229702937038,-0.000319391171481514,0.999993098813604,0.99979856715964,"BDA",24.2666666666667,0.9750802204,0.451,45.1,20.1,0.46,-0.000153128183180855,-1.80570728981207,-0.0000433369749554898
"42","2021-06-15","FH",3,9.50740749355551,-0.00124773641870368,0.997607457537255,0.998656747289577,"BDA",21.2333333333333,0.9750802204,0.182,18.2,20.3,0.18,-0.000604379068890818,-7.1269159460806,-0.000171045982705934
"43","2021-06-15","FH",4,17.2954793818518,0.00360946241481466,0.999998357762268,0.997217245714172,"BDA",25.4333333333333,0.9750802204,0.538,53.8,20.5,0.52,0.00172374742277295,20.3266519750954,0.00048783964740229
"44","2021-06-15","FH",5,13.2454277107592,0.000834790453518498,0.999545009476043,0.968433834421553,"BDA",26.0666666666667,0.9750802204,0.551,55.1,20.5,0.59,0.000397821178387529,4.69115865501762,0.000112587807720423
"45","2021-06-15","FH",8,11.3114456552593,-0.000137727820185187,0.999820224141409,0.975287042465008,"REF",17.1666666666667,0.9750802204,0.491,49.1,21.3,0.7,-0.0000676476304783722,-0.797709585237099,-0.0000191450300456904
"46","2021-06-15","FH",9,14.449328058426,0.00141229315611115,0.99999852186492,0.999427583497764,"REF",18.1,0.9750802204,0.435,43.5,21.3,0.41,0.000691450483849251,8.15367330360113,0.000195688159286427
"47","2021-06-15","FH",10,11.6380987728148,0.00571550210370365,0.999999675692195,0.977476980133222,"REF",17.6666666666667,0.9750802204,0.438,43.8,21.3,0.4,0.00280244820362191,33.0468307367309,0.000793123937681542
"48","2021-06-15","FH",11,12.1819795941296,0.018243877232037,0.998968458374634,0.999992518314818,"REF",17.2333333333333,0.9750802204,0.541,54.1,21.1,0.54,0.00895876793889841,105.642947228712,0.00253543073348908
"49","2021-06-15","FH",12,40.7496122146297,0.00393166132481482,0.999730964600524,0.999912820232897,"REF",18.8666666666667,0.9750802204,0.378,37.8,20.9,0.26,0.0019198621120355,22.6392616899405,0.000543342280558571
"50","2021-06-17","TP",1,11.3292314833333,0.00148873467555566,0.998534537738643,0.999173095737354,"BDA",9.63333333333333,0.967184834,0.572,57.2,17.3,0.52,0.00074463164783417,8.78079244975362,0.000210739018794087
"51","2021-06-17","TP",2,13.0873177449259,0.0193206369838888,0.999629226566069,0.999633076234369,"BDA",12.0333333333333,0.967184834,0.612,61.2,17.2,0.39,0.00958237925980441,112.996652371542,0.00271191965691701
"52","2021-06-17","TP",3,15.0425561254444,0.0125776561116666,0.998500643699133,0.999974753067089,"BDA",12.9333333333333,0.967184834,0.529,52.9,17.3,0.4,0.00621845500279828,73.3288235821316,0.00175989176597116
"53","2021-06-17","TP",4,13.5584093702592,0.0144161034157407,0.999825917389288,0.999770931823543,"BDA",20.6333333333333,0.967184834,0.528,52.8,17.3,0.53,0.00694048948674984,81.8431473603166,0.0019642355366476
"54","2021-06-17","TP",5,12.0358518059445,0.0975091473101852,0.998520825736441,0.997769794842441,"BDA",21.6333333333333,0.967184834,0.558,55.8,17.3,0.45,0.0467854753490281,551.700360705551,0.0132408086569332
"55","2021-06-17","TP",6,12.4483128822779,0.00229589164648149,0.999767240109843,0.995682573965298,"BDA",21.8,0.967184834,0.594,59.4,17.2,0.5,0.00110095983535196,12.9826604037831,0.000311583849690794
"56","2021-06-17","TP",7,22.6109255178334,0.0124461686672222,0.99608515982834,0.996398519939394,"REF",18.6333333333333,0.967184834,0.477,47.7,25.9,0.3,0.00603317728392356,71.1440048200837,0.00170745611568201
"57","2021-06-17","TP",8,14.4414205682593,0.0228303110442591,0.996527264870011,0.999568306025342,"REF",16.2333333333333,0.967184834,0.328,32.8,25.6,0.13,0.0111586345004422,131.584057508208,0.00315801738019699
"58","2021-06-17","TP",9,13.4501168122593,0.032305423458889,0.992819154890555,0.993880939081213,"REF",28.5666666666667,0.967184834,0.501,50.1,25.6,0.3,0.0151439675161512,178.579618542816,0.00428591084502758
"59","2021-06-17","TP",10,23.4102710585,0.0045171230264815,0.99999866897028,0.998455579735606,"REF",33.0333333333333,0.967184834,0.242,24.2,25.6,0.11,0.00208660744768665,24.6055441983133,0.00059053306075952
"60","2021-06-17","TP",11,24.6993672877037,0.013035223297963,0.996444085909496,0.99551086143797,"REF",30.3,0.967184834,0.449,44.9,25.4,0.3,0.00607566237000462,71.6449944357853,0.00171947986645885
"61","2021-06-17","TP",12,16.5605079418889,0.00431190439537033,0.996659533976072,0.997202373836552,"REF",20.6666666666667,0.967184834,0.395,39.5,25.4,0.23,0.00207568781637194,24.4767784972031,0.000587442683932875
"62","2021-06-28","LP",1,13.7069424845186,0.015541068073889,0.997469575684092,0.999409592617355,"BDA",32.3,0.9701456039,0.241,24.1,34.2,0.13,0.00721820259705529,85.1179761824066,0.00204283142837776
"63","2021-06-28","LP",2,18.5648264185185,-0.000644226882777686,0.999955625900174,0.945055222487314,"BDA",31.5,0.9701456039,0.065,6.5,34.2,0.04,-0.000300003661636223,-3.53768187889382,-0.0000849043650934516
"64","2021-06-28","LP",3,18.981469663926,-0.000251483223703683,0.993373431369977,0.993763104169364,"BDA",20.9333333333333,0.9701456039,0.169,16.9,34.2,0.07,-0.000121320778386616,-1.43063026928003,-0.0000343351264627208
"65","2021-06-28","LP",4,13.4583840232408,0.0381347574107406,0.999746739298549,0.999945423001364,"BDA",31.8333333333333,0.9701456039,0.289,28.9,34.6,0.2,0.0177391800566143,209.182699605896,0.00502038479054151
"66","2021-06-28","LP",5,5.3108305069445,0.0113561937288888,0.632530399912785,0.999961636850862,"BDA",20.4,0.9701456039,0.394,39.4,34.6,0.24,0.00548842447268319,64.7202093960853,0.00155328502550605
"67","2021-06-28","LP",6,5.0965731473334,0.00833426109611098,0.999956648637156,0.9950901882249,"BDA",24.7,0.9701456039,0.456,45.6,34.6,0.28,0.00396975108678359,46.8118169186295,0.00112348360604711
"68","2021-06-28","LP",7,12.5604493040555,0.00351407906314815,0.998444001840562,0.994148650203532,"REF",19,0.9701456039,0.604,60.4,33.4,0.37,0.0017064897576645,20.1231473618743,0.000482955536684983
"69","2021-06-28","LP",8,13.7829514457038,0.0223703757994445,0.993428747355255,0.999116038532887,"REF",19.5666666666667,0.9701456039,0.589,58.9,33.4,0.36,0.0108423505657808,127.854396549624,0.00306850551719097
"70","2021-06-28","LP",9,8.60359598683336,0.15504152242,0.994511835171702,0.999798453862932,"REF",19.7666666666667,0.9701456039,0.514,51.4,33.1,0.28,0.0750933372189375,885.510319628119,0.0212522476710749
"71","2021-06-28","LP",10,12.9038870355926,-0.00317311394018518,0.985103935612657,0.93295502044367,"REF",19.7,0.9701456039,0.242,24.2,33.1,0.12,-0.00153722682209583,-18.1271769905002,-0.000435052247772004
"72","2021-06-28","LP",11,7.25076966951849,0.0101369651424073,0.988106863096608,0.999989871850088,"REF",24.3333333333333,0.9701456039,0.405,40.5,31.7,0.2,0.0048343641697015,57.0074459286586,0.00136817870228781
"73","2021-06-28","LP",12,12.4342806537036,0.0328826785096295,0.999019811370673,0.995345427539865,"REF",27.5666666666667,0.9701456039,0.454,45.4,31.4,0.35,0.0155131996041672,182.933650956141,0.00439040762294737
"74","2021-06-29","FH",2,19.5220407292778,-0.00093654985703701,0.9999919132078,0.972091301650956,"BDA",24.0666666666667,0.9819886835,0.379,37.9,24.9,0.36,-0.000452503091551824,-5.335974829092,-0.000128063395898208
"75","2021-06-29","FH",3,12.7734950923518,-0.00257437282462967,0.966057738131134,0.979784148965305,"BDA",21.8666666666667,0.9819886835,0.163,16.3,24.9,0.15,-0.00125311328409636,-14.7768734993785,-0.000354644963985083
"76","2021-06-29","FH",4,18.4232590827778,0.000726554767592653,0.999757661974628,0.992117584006695,"BDA",26.2333333333333,0.9819886835,0.47,47,25.9,0.42,0.000348500141176625,4.10955862174592,0.000098629406921902
"77","2021-06-29","FH",9,15.008462074074,0.00491557873592583,0.998336630365602,0.995329006335772,"REF",19.3666666666667,0.9819886835,0.261,26.1,28.3,0.2,0.00241318919708643,28.4566383167245,0.000682959319601388
"78","2021-06-29","FH",10,15.2622958389075,0.00448545141259266,0.998434240939508,0.999993581792989,"REF",18.4,0.9819886835,0.362,36.2,28.3,0.3,0.00220933300830302,26.0527398408655,0.000625265756180773
"79","2021-06-29","FH",11,13.9209982412778,0.0196486898446295,0.999957329234086,0.998223822612141,"REF",18.2333333333333,0.9819886835,0.505,50.5,28.3,0.43,0.00968360549634405,114.190325211139,0.00274056780506735
"80","2021-06-29","FH",12,34.510743885926,-0.00301403947685185,0.996107863928328,0.978794500343566,"REF",21.2,0.9819886835,0.208,20.8,28,0.15,-0.00147045195727588,-17.3397591704952,-0.000416154220091884
"81","2021-07-01","TP",1,22.450994011074,0.00292978919185199,0.996396131734491,0.982501199756492,"BDA",16.4333333333333,0.9652109874,0.465,46.5,19.5,0.45,0.00142806564740357,16.8399343365894,0.000404158424078146
"82","2021-07-01","TP",2,19.9365390154444,0.0292751707564815,0.999914178270266,0.999924199520354,"BDA",17.8333333333333,0.9652109874,0.54,54,19.5,0.38,0.0142008912605428,167.458741678565,0.00401900980028555
"83","2021-07-01","TP",3,36.3936818233333,0.0161692885292593,0.994179096959878,0.99997473521398,"BDA",17.9,0.9652109874,0.458,45.8,19.7,0.36,0.00784165146523652,92.4697656617497,0.00221927437588199
"84","2021-07-01","TP",4,28.5612173959814,0.00886388277592599,0.99442955607081,0.996949691407365,"BDA",26.6666666666667,0.9652109874,0.535,53.5,19.7,0.55,0.00417297624872917,49.2082742446135,0.00118099858187072
"85","2021-07-01","TP",5,25.5252318740556,0.0891787534103705,0.999927836450505,0.999721821857624,"BDA",27.7333333333333,0.9652109874,0.553,55.3,19.9,0.49,0.0418350387081368,493.324173223116,0.0118397801573548
"86","2021-07-01","TP",7,41.7216890490742,0.0160575237696296,0.9946803462299,0.993510314632152,"REF",24.4666666666667,0.9652109874,0.433,43.3,25.6,0.25,0.00761553840529385,89.8034112900142,0.00215528187096034
"87","2021-07-01","TP",8,30.4801854517222,0.0638175707494443,0.999413993185885,0.999665821041789,"REF",21.3,0.9652109874,0.271,27.1,25.9,0.13,0.03059217481803,360.746871886277,0.00865792492527066
"88","2021-07-01","TP",9,20.1450649784444,0.0475837995662963,0.998947586795011,0.998466887188086,"REF",29.1,0.9652109874,0.444,44.4,25.9,0.27,0.0222212629322531,262.035999070202,0.00628886397768485
"89","2021-07-01","TP",10,31.7537032656112,0.00340108932592582,0.999577550765431,0.99769563762775,"REF",38.1333333333333,0.9652109874,0.19,19,25.9,0.1,0.00154216855113858,18.185450496862,0.000436450811924689
"90","2021-07-01","TP",11,45.7700591446297,0.0607730790974073,0.997623345804333,0.998184353267476,"REF",34.2333333333333,0.9652109874,0.445,44.5,25.9,0.32,0.0279063639433685,329.075443579021,0.0078978106458965
"91","2021-07-01","TP",12,27.6270876535185,0.0109059120127778,0.983384493646107,0.999439918015855,"REF",26.6,0.9652109874,0.368,36.8,26.2,0.23,0.00513547390138575,60.5581707282433,0.00145339609747784
"92","2021-07-12","LP",1,10.0192335758889,0.002997169700926,0.993961537274124,0.996177789807137,"BDA",27.7333333333333,0.9632371408,0.246,24.6,23.7,0.14,0.00140314022260978,16.5460105120074,0.000397104252288178
"93","2021-07-12","LP",2,14.735039274,-0.00165717539425918,0.989468560248554,0.997235688930358,"BDA",27,0.9632371408,0.021,2.1,23.9,0.02,-0.000777711516964836,-9.17087453389044,-0.000220100988813371
"94","2021-07-12","LP",3,20.3791242760185,-0.00133206511592601,0.977550160937711,0.969147901126187,"BDA",20.1666666666667,0.9632371408,0.23,23,24.2,0.12,-0.000639708578889756,-7.54352608554281,-0.000181044626053027
"95","2021-07-12","LP",4,9.19142210957412,0.00589020110777782,0.956519532648435,0.975907185293762,"BDA",23.8,0.9632371408,0.326,32.6,24.4,0.22,0.00279407162742476,32.9480530696245,0.000790753273670987
"96","2021-07-12","LP",6,6.6896046117037,0.00673056814703715,0.993820717726719,0.99325286925813,"BDA",23.1,0.9632371408,0.471,47.1,24.4,0.33,0.00320025531318177,37.7378234903178,0.000905707763767628
"97","2021-07-12","LP",8,13.7648447121481,0.0167096910125925,0.974608587345623,0.980169494884874,"REF",18.1,0.9632371408,0.517,51.7,23.9,0.33,0.00808160319002735,95.2993073545813,0.00228718337650995
"98","2021-07-12","LP",9,7.46869500077777,0.0612745803312963,0.978239711846703,0.987415944554265,"REF",18.0333333333333,0.9632371408,0.6,60,23.9,0.42,0.0296420967727014,349.543429014404,0.00838904229634571
"99","2021-07-12","LP",10,12.8676741400925,-0.00331012760370385,0.984152041225279,0.997898052627813,"REF",18.1333333333333,0.9632371408,0.215,21.5,23.9,0.1,-0.00160075221664832,-18.8762766379253,-0.000453030639310206
"100","2021-07-12","LP",11,8.0553616240555,0.00667192271388899,0.98239418459945,0.985022075994145,"REF",20.9,0.9632371408,0.621,62.1,23.3,0.42,0.00319611744541695,37.6890292198444,0.000904536701276266
"101","2021-07-12","LP",12,11.1414341918519,0.00205327003166666,0.982797186193317,0.971046231707505,"REF",23.8333333333333,0.9632371408,0.481,48.1,23.3,0.37,0.000973878343201038,11.4840990546545,0.000275618377311709
"102","2021-07-13","FH",1,0.137458068685178,-0.000379198236666675,0.0143378337491534,0.984531392986973,"BDA",19.0666666666667,0.977054067,0.233,23.3,19.5,0.41,-0.000185413350030187,-2.18641814212973,-0.0000524740354111136
"103","2021-07-13","FH",3,4.31531449190742,-0.00115064026259251,0.927513979639285,0.95020055596636,"BDA",22.7333333333333,0.977054067,0.181,18.1,20.1,0.21,-0.000555643161750425,-6.55221584208292,-0.00015725318020999
"104","2021-07-13","FH",4,25.5155440448334,-0.002952475572037,0.996199716928186,0.999265590244044,"BDA",23.9333333333333,0.977054067,0.28,28,20.1,0.29,-0.00141998594310618,-16.7446574212217,-0.000401871778109322
"105","2021-07-13","FH",5,9.50872053442596,-0.00273196564851851,0.997970307933531,0.992316218718179,"BDA",23.3,0.977054067,0.364,36.4,20.3,0.43,-0.001316740726922,-15.5271765132049,-0.000372652236316917
"106","2021-07-13","FH",6,2.28601677740739,-0.000453845086666679,0.999945890901931,0.991992041541644,"BDA",26.1666666666667,0.977054067,0.124,12.4,20.1,0.13,-0.000216646222695514,-2.55472020568223,-0.0000613132849363735
"107","2021-07-13","FH",7,4.75848340444448,-0.000911033771111167,0.992330822716237,0.997825546707349,"REF",20.1,0.977054067,0.382,38.2,20.5,0.7,-0.000443889981755037,-5.23440792726543,-0.00012562579025437
"108","2021-07-13","FH",8,3.82399059735193,-0.000892668224259336,0.8958828565378,0.927356423185444,"REF",19.2,0.977054067,0.333,33.3,20.5,0.5,-0.000436281251138243,-5.14468479429563,-0.000123472435063095
"109","2021-07-13","FH",9,14.8361626129816,-0.00109290948962968,0.997025713616401,0.991446124841235,"REF",19.8333333333333,0.977054067,0.364,36.4,20.5,0.39,-0.000532991608598154,-6.28510580523024,-0.000150842539325526
"110","2021-07-13","FH",10,24.4043789399075,0.00179792524648149,0.997098221379347,0.983804222737584,"REF",19.5666666666667,0.977054067,0.228,22.8,20.7,0.24,0.000877613859173256,10.3489358407499,0.000248374460177996
"111","2021-07-13","FH",11,18.3534808933148,0.0214106157168518,0.991599062966434,0.992802333865855,"REF",19.3,0.977054067,0.45,45,20.7,0.48,0.0104606103950853,123.352867211783,0.00296046881308279
"112","2021-07-13","FH",12,19.9232005427777,-0.00127320417833334,0.993623874663675,0.999597324994092,"REF",21.2666666666667,0.977054067,0.129,12.9,20.7,0.11,-0.000617893563391083,-7.28628060861585,-0.00017487073460678
"113","2021-07-15","TP",2,17.395754648889,0.0114673856116666,0.972368022894931,0.97883302479714,"BDA",21.2333333333333,0.9602763709,0.474,47.4,24.2,0.35,0.00547024623956141,64.5058493260966,0.00154814038382632
"114","2021-07-15","TP",3,34.5535119133333,-0.00158884036148135,0.993066935384025,0.998034034737029,"BDA",21.6666666666667,0.9602763709,0.412,41.2,24.2,0.31,-0.000756804289348318,-8.92433380877573,-0.000214184011410617
"115","2021-07-15","TP",4,33.3500650829074,-0.00203816069314801,0.997870327714363,0.99241999516124,"BDA",24.2,0.9602763709,0.315,31.5,24.4,0.26,-0.000962551440104654,-11.3505307521561,-0.000272412738051746
"116","2021-07-15","TP",5,19.7902359555557,0.0500766492694445,0.99877683618199,0.998407938568706,"BDA",23.1,0.9602763709,0.434,43.4,24.7,0.36,0.0237372927360408,279.913218086369,0.00671791723407286
"117","2021-07-15","TP",6,19.6984761204444,-0.00193619521851852,0.995767305974489,0.988704055706697,"BDA",23.0333333333333,0.9602763709,0.444,44.4,24.9,0.33,-0.000918000376620637,-10.8251788644049,-0.000259804292745718
"118","2021-07-15","TP",7,22.5765871745555,0.00146596672314816,0.965491738960005,0.97162867060559,"REF",23.6,0.9602763709,0.367,36.7,29.2,0.24,0.000693724922125074,8.18049377315526,0.000196331850555726
"119","2021-07-15","TP",8,19.9893602992037,0.020753975847037,0.96680568815047,0.976509726841457,"REF",20.3666666666667,0.9602763709,0.24,24,28.9,0.09,0.00992944265818815,117.089268736933,0.00281014244968638
"120","2021-07-15","TP",9,16.9843030252963,0.0230682089262963,0.99988869739657,0.999262775738232,"REF",25.6,0.9602763709,0.444,44.4,28.9,0.24,0.0108432233659996,127.864688722396,0.00306875252933751
"121","2021-07-15","TP",10,22.8093816176481,0.000319539444444324,0.995975143048418,0.940396007736299,"REF",29.2666666666667,0.9602763709,0.246,24.6,28.9,0.14,0.000148377671190447,1.74968863959869,0.0000419925273503686
"122","2021-07-15","TP",11,32.9588426001297,0.00368442590574065,0.997100455497227,0.997725538953591,"REF",27.9,0.9602763709,0.317,31.7,28.9,0.2,0.00171862834765597,20.2662871809484,0.000486390892342761
"123","2021-07-15","TP",12,29.7622509420185,0.00309969503148149,0.999459657652817,0.999522739184027,"REF",27,0.9602763709,0.309,30.9,28.9,0.19,0.00145021383470295,17.1011086183699,0.000410426606840877
"124","2021-07-26","LP",2,9.54504586214815,-0.00147247093425918,0.995986730531604,0.999149043659389,"BDA",6.4,0.967184834,0.11,11,17,0.07,-0.000745019938909265,-8.78537122820121,-0.000210848909476829
"125","2021-07-26","LP",3,13.8480722253519,-0.00108054813759251,0.995180569664849,0.976277153677474,"BDA",5.96666666666667,0.967184834,0.205,20.5,16.7,0.11,-0.000547569655357815,-6.45701201320798,-0.000154968288316992
"126","2021-07-26","LP",4,6.21384654107413,0.00216497954074067,0.999979907220711,0.999918425301255,"BDA",5.96666666666667,0.967184834,0.24,24,16.5,0.17,0.00109710716231612,12.9372291863445,0.000310493500472267
"127","2021-07-26","LP",5,6.61477046668523,-0.000737067183518671,0.996302124324091,0.993462935053079,"BDA",5.53333333333333,0.967184834,0.491,49.1,16.2,0.33,-0.000374091177313868,-4.41133142115467,-0.000105871954107712
"128","2021-07-26","LP",6,2.56125837735185,0.00122525179833332,0.999939486642928,0.975443849059938,"BDA",5.63333333333333,0.967184834,0.432,43.2,15.8,0.27,0.000621641278481546,7.33047414842292,0.00017593137956215
"129","2021-07-26","LP",7,7.6983832068519,-0.00102878256185202,0.99971338056727,0.997778669575442,"REF",6.83333333333333,0.967184834,0.513,51.3,15,0.37,-0.000519722735127411,-6.12863753756057,-0.000147087300901454
"130","2021-07-26","LP",8,7.3223902567592,0.000936155474259319,0.984341280584117,0.999852344655183,"REF",6.93333333333333,0.967184834,0.543,54.3,14.7,0.4,0.000472760226985615,5.57484958332522,0.000133796389999805
"131","2021-07-26","LP",9,5.55903216353705,0.0239561320972223,0.997097473657662,0.99639728999725,"REF",6.53333333333333,0.967184834,0.551,55.1,14.6,0.37,0.0121152020847696,142.864025861113,0.00342873662066671
"132","2021-07-26","LP",10,12.178515085,-0.00421579184907418,0.993982170515377,0.986511485764953,"REF",6.9,0.967184834,0.267,26.7,14.4,0.16,-0.00212923613647924,-25.1082271957144,-0.000602597452697144
"133","2021-07-26","LP",11,3.77910622998148,0.00292325380962966,0.989059899099024,0.995476994257492,"REF",7.4,0.967184834,0.567,56.7,14.3,0.4,0.0014737916169557,17.3791408682602,0.000417099380838245
"134","2021-07-27","FH",7,0.42768810259258,-0.000292109922222348,0.0661423571779541,0.907013810522494,"REF",12.9333333333333,0.9750802204,0.146,14.6,18.2,0.2,-0.000145599524834617,-1.7169283793861,-0.0000412062811052664
"135","2021-07-27","FH",9,3.91920197024073,-0.00111108595000002,0.987402018421441,0.979225005085417,"REF",13.6333333333333,0.9750802204,0.14,14,18.2,0.13,-0.000552458166018185,-6.51465796153958,-0.00015635179107695
"136","2021-07-27","FH",10,31.3035500457407,-0.00188676379944452,0.987994546283585,0.996944820311514,"REF",14.1333333333333,0.9750802204,0.016,1.6,18,0.03,-0.000936509868372558,-11.0434451788931,-0.000265042684293435
"137","2021-07-27","FH",11,22.7382821999445,0.0168203655518518,0.967989443603725,0.970745691655053,"REF",13.7333333333333,0.9750802204,0.395,39.5,18,0.4,0.00836056604945421,98.5888733795303,0.00236613296110873
"138","2021-07-27","FH",12,29.290338169074,0.00191503444296299,0.975466515224153,0.995470037630653,"REF",14,0.9750802204,0.075,7.5,17.9,0.07,0.0009509838210653,11.2141238962055,0.000269138973508932
"139","2021-07-29","TP",1,23.4704976057593,-0.00668291578,0.991786780131624,0.998094160059571,"BDA",15.5333333333333,0.9681717573,0.349,34.9,21.3,0.29,-0.00327763428303557,-38.650286284826,-0.000927606870835823
"140","2021-07-29","TP",2,23.6483486352037,0.00061570191111099,0.991824855547362,0.998015096571841,"BDA",15.9666666666667,0.9681717573,0.467,46.7,21.3,0.39,0.000301518005694597,3.5555392193826,0.0000853329412651825
"141","2021-07-29","TP",3,34.700024776,-0.00996129809740735,0.991053756197139,0.998974434297056,"BDA",16.5333333333333,0.9681717573,0.328,32.8,21.1,0.29,-0.00486864226643315,-57.4116576672391,-0.00137787978401374
"142","2021-07-29","TP",4,47.891650961463,-0.00777524590111118,0.993769599280099,0.999369265773948,"BDA",20.5,0.9681717573,0.27,27,20.9,0.27,-0.00374883672631835,-44.2067662817711,-0.00106096239076251
"143","2021-07-29","TP",5,29.6496461204074,0.052880658361111,0.981316832658175,0.987179711141499,"BDA",19.6333333333333,0.9681717573,0.167,16.7,20.9,0.1,0.0255719329883485,301.547532612664,0.00723714078270393
"144","2021-07-29","TP",6,29.2648799490556,-0.00828219294259268,0.974471037854783,0.992857278895431,"BDA",18.5333333333333,0.9681717573,0.358,35.8,21.1,0.3,-0.0040201996728206,-47.4067131531139,-0.00113776111567473
"145","2021-07-29","TP",7,24.5897700895556,-0.00449642273870368,0.985916239931852,0.991755075413295,"REF",23.9333333333333,0.9681717573,0.2,20,31.4,0.12,-0.00214288408948804,-25.2691656181985,-0.000606459974836765
"146","2021-07-29","TP",8,26.2340906534075,0.017330764444074,0.99630733530445,0.99432624978669,"REF",21.5666666666667,0.9681717573,0.329,32.9,30.4,0.16,0.00832577399584011,98.1786009950907,0.00235628642388218
"147","2021-07-29","TP",9,18.0361803368703,0.0102332027648148,0.994723722928006,0.987524845039398,"REF",23.4333333333333,0.9681717573,0.419,41.9,30.1,0.23,0.00488511779619257,57.605939239528,0.00138254254174867
"148","2021-07-29","TP",10,24.0885149564629,-0.00121872089962967,0.994996176640017,0.99619427402604,"REF",32.2333333333333,0.9681717573,0.118,11.8,30.1,0.08,-0.000565018669208915,-6.66277303548663,-0.000159906552851679
"149","2021-07-29","TP",11,39.6619906262222,0.000919959235555489,0.994071291128172,0.998728216642265,"REF",27.5333333333333,0.9681717573,0.256,25.6,30.1,0.18,0.000433178041991614,5.10809135172039,0.000122594192441289
"150","2021-07-29","TP",12,38.4053021250555,-0.00167971944629635,0.994041324835109,0.999899369900571,"REF",23.9,0.9681717573,0.312,31.2,30.1,0.19,-0.000800602701201111,-9.44081033139843,-0.000226579447953562
"151","2021-08-09","LP",2,9.22482752455553,-0.00140533153759268,0.993669813987793,0.986116724188261,"BDA",11.8666666666667,0.9622502175,0.155,15.5,15.5,0.13,-0.000693846282303067,-8.18192486802978,-0.000196366196832715
"152","2021-08-09","LP",3,12.7304471153519,-0.000961398611666687,0.997577553004455,0.997224589498031,"BDA",10.8333333333333,0.9622502175,0.238,23.8,15.4,0.15,-0.000476393908785983,-5.61769842786505,-0.000134824762268761
"153","2021-08-09","LP",5,5.81293860792588,-0.000709876778518514,0.978667759486056,0.999421500080781,"BDA",9.1,0.9622502175,0.5,50,14.7,0.39,-0.000353920721365972,-4.17347880260089,-0.000100163491262421
"154","2021-08-09","LP",6,1.6348311089074,0.000326933843518486,0.999180209574142,0.974778578524648,"BDA",9.5,0.9622502175,0.409,40.9,14.4,0.32,0.000162767440716816,1.91937465815343,0.0000460649917956823
"155","2021-08-09","LP",7,6.27318228788886,-0.00128816148944451,0.993764846567842,0.999034525366744,"REF",9.6,0.9622502175,0.521,52.1,14,0.39,-0.000641097761982103,-7.55990751177426,-0.000181437780282582
"156","2021-08-09","LP",8,6.02011742361104,-0.000287723145370513,0.991369655854189,0.971393694713059,"REF",10.0666666666667,0.9622502175,0.507,50.7,13.8,0.39,-0.000142959221800387,-1.68579358540378,-0.0000404590460496908
"157","2021-08-09","LP",9,0.269803578574081,0.00935798530796299,0.859999165753467,0.993333853301846,"REF",11.4666666666667,0.9622502175,0.579,57.9,13.8,0.45,0.00462676116949656,54.5593645691731,0.00130942474966016
"158","2021-08-09","LP",10,7.89006236777766,-0.00374708433037034,0.912028307884365,0.963451655746471,"REF",12.8666666666667,0.9622502175,0.092,9.2,13.8,0.07,-0.00184355482069369,-21.7394362666937,-0.000521746470400648
"159","2021-08-09","LP",11,3.27594970124075,0.00217805219648149,0.852292813811619,0.997295145755055,"REF",9.93333333333333,0.9622502175,0.569,56.9,13.7,0.44,0.00108270532809899,12.7674008994,0.000306417621585599
"160","2021-08-09","LP",12,6.21814018488888,-0.0003280681444445,0.942357906544926,0.986846741826289,"REF",10.8666666666667,0.9622502175,0.492,49.2,13.5,0.41,-0.000162545807025359,-1.91676112507272,-0.0000460022670017453
"161","2021-08-10","FH",9,6.22136903125928,-0.000629053454259349,0.982707218981967,0.989591578084596,"REF",13.3333333333333,0.977054067,0.234,23.4,15.5,0.26,-0.000313741759749558,-3.69968330407956,-0.0000887923992979095
"162","2021-08-10","FH",10,18.1472452825926,-0.000488503014629665,0.998167756473993,0.996587379962945,"REF",12.9333333333333,0.977054067,0.145,14.5,15.5,0.14,-0.000243982763865588,-2.87707622561065,-0.0000690498294146556
"163","2021-08-10","FH",11,15.5030012081482,0.0142582526375927,0.97414208270103,0.994627049958457,"REF",13.2,0.977054067,0.397,39.7,15.5,0.42,0.00711464708011827,83.896836167883,0.00201352406802919
"164","2021-08-10","FH",12,17.8567009753703,0.00360445589499998,0.993088993664137,0.987070523825384,"REF",13.2666666666667,0.977054067,0.113,11.3,15.5,0.1,0.00179814877081335,21.2040022690627,0.000508896054457504
"165","2021-08-12","TP",1,17.9353530570927,-0.00252472019018518,0.953076615117162,0.99833082423446,"BDA",11.8333333333333,0.967184834,0.431,43.1,18.9,0.35,-0.00125305463601333,-14.7761819136177,-0.000354628365926824
"166","2021-08-12","TP",3,22.5920230171111,-0.00287039117574068,0.95492733657423,0.99970290830176,"BDA",11.7333333333333,0.967184834,0.371,37.1,18.2,0.26,-0.00142511640927721,-16.8051565401477,-0.000403323756963544
"167","2021-08-12","TP",4,30.4156959412963,-0.00537486460759268,0.933906551101968,0.999637905582834,"BDA",13.0666666666667,0.967184834,0.371,37.1,18,0.33,-0.00265612090679572,-31.3213203761366,-0.000751711689027278
"168","2021-08-12","TP",5,22.7828569278334,0.0380664628118519,0.999996511851948,0.999748731979668,"BDA",14.3,0.967184834,0.45,45,17.7,0.53,0.0187307196782246,220.875062733882,0.00530100150561316
"169","2021-08-12","TP",6,13.4117714380926,-0.00262212007685184,0.947429437424079,0.98719275629158,"BDA",13.5333333333333,0.967184834,0.43,43,17.7,0.37,-0.00129367441907502,-15.2551756354883,-0.000366124215251719
"170","2021-08-12","TP",7,22.0607175333148,0.00137197488740748,0.988295643460382,0.976532721529337,"REF",17.1666666666667,0.967184834,0.368,36.8,25.9,0.21,0.000668415032091369,7.88203628486764,0.000189168870836823
"171","2021-08-12","TP",8,16.3626875087037,0.016303758512037,0.995681281965746,0.997272698718801,"REF",17.3666666666667,0.967184834,0.326,32.6,25.6,0.17,0.00793758779408034,93.6010592273927,0.00224642542145742
"172","2021-08-12","TP",9,9.95590517727777,0.00612282997111098,0.997258944070284,0.998869302559716,"REF",15.5,0.967184834,0.431,43.1,25.4,0.23,0.00300022585090383,35.3790502670642,0.000849097206409541
"173","2021-08-12","TP",10,20.3703331831666,0.000283720245555497,0.999321713066397,0.964460427937092,"REF",28.6333333333333,0.967184834,0.235,23.5,25.4,0.15,0.00013297149770994,1.56801705449927,0.0000376324093079824
"174","2021-08-12","TP",11,25.9463324625926,0.000766975283518497,0.999991130384847,0.999795051205124,"REF",28.4,0.967184834,0.38,38,25.1,0.27,0.000359737479551912,4.2420707654992,0.000101809698371981
"175","2021-08-12","TP",12,25.2824529741482,0.000478192924814821,0.983139586602663,0.9886844171477,"REF",18.2333333333333,0.967184834,0.356,35.6,24.9,0.21,0.000232118434053502,2.73717051795188,0.0000656920924308452
"176","2021-08-25","LP",2,4.75135571549999,-0.00161529540111118,0.950922736674104,0.985563410904303,"BDA",14.5333333333333,0.9622502175,0.182,18.2,21.5,0.12,-0.000790114195133024,-9.31712851481203,-0.000223611084355489
"177","2021-08-25","LP",3,5.98566614392591,-0.00088915734407417,0.945236791193769,0.975161962353216,"BDA",10.2666666666667,0.9622502175,0.163,16.3,21.1,0.08,-0.000441478191446283,-5.20596778482039,-0.000124943226835689
"178","2021-08-25","LP",4,4.61697826005555,-0.00105302289314818,0.978447033370063,0.996910755372465,"BDA",7.83333333333333,0.9622502175,0.283,28.3,20.5,0.16,-0.000527369810815,-6.21881284055175,-0.000149251508173242
"179","2021-08-25","LP",5,3.30735957616666,-0.00111409088148152,0.972956252092701,0.995887755801525,"BDA",7.9,0.9622502175,0.495,49.5,20.3,0.38,-0.00055782116367064,-6.5778991216913,-0.000157869578920591
"180","2021-08-25","LP",6,1.1018856395,-0.00013128072500001,0.114274198534605,0.990340698041794,"BDA",11.1333333333333,0.9622502175,0.523,52.3,19.7,0.42,-0.0000649837675874186,-0.766296970385046,-0.0000183911272892411
"181","2021-08-25","LP",7,3.88185018612963,-0.00151404647388885,0.991843555342476,0.999999918680265,"REF",9.06666666666667,0.9622502175,0.453,45.3,19.3,0.29,-0.000754941929355706,-8.90237261949588,-0.000213656942867901
"182","2021-08-25","LP",8,4.69989250109258,-0.00107542489888884,0.996243120610797,0.990206385432307,"REF",9.43333333333333,0.9622502175,0.514,51.4,18.2,0.33,-0.000535537938494107,-6.31513245584334,-0.00015156317894024
"183","2021-08-25","LP",9,3.34788139685185,0.00923268358259265,0.920010934003507,0.981420198866698,"REF",9.2,0.9622502175,0.603,60.3,18,0.39,0.00460147481487898,54.2611846135486,0.00130226843072517
"184","2021-08-25","LP",10,11.6580335611481,-0.00490697873407417,0.997311396349725,0.994634023490907,"REF",9,0.9622502175,0.153,15.3,17.9,0.09,-0.00244732233867921,-28.8591407256082,-0.000692619377414596
"185","2021-08-25","LP",11,2.10009880207408,0.000910207891481327,0.945799609256435,0.970510530963751,"REF",9.5,0.9622502175,0.519,51.9,17.3,0.32,0.000453156539017925,5.34368036590786,0.000128248328781789
"186","2021-08-25","LP",12,3.94672859572221,-0.000792285434259342,0.987406989153343,0.99888816712766,"REF",14,0.9622502175,0.488,48.8,17.2,0.33,-0.000388262889111078,-4.57844607483743,-0.000109882705796098
"187","2021-08-26","FH",1,3.69739639301853,-0.001197218437963,0.995958049266873,0.916110346011298,"BDA",11.9,0.9800148369,0.223,22.3,14.1,0.37,-0.000601937897587752,-7.09812933916044,-0.000170355104139851
"188","2021-08-26","FH",3,8.41763634946295,-0.00243150955074084,0.987733198165449,0.982059891657961,"BDA",13.3666666666667,0.9800148369,0.104,10.4,14.1,0.12,-0.00121625392588486,-14.3422231924412,-0.000344213356618589
"189","2021-08-26","FH",4,8.4784405997592,-0.00186201276870368,0.982615571097441,0.93251492485004,"BDA",13.3666666666667,0.9800148369,0.208,20.8,14.1,0.22,-0.000931388626169934,-10.9830548301926,-0.000263593315924622
"190","2021-08-26","FH",5,6.32646926827773,-0.00239019827185184,0.989208453171581,0.997136956196471,"BDA",13.0666666666667,0.9800148369,0.224,22.4,14.1,0.25,-0.00119684362880174,-14.1133344652824,-0.000338720027166779
"191","2021-08-26","FH",7,1.49467946064815,-0.00060753210851851,0.70091898579155,0.992051357056029,"REF",12.2666666666667,0.9800148369,0.199,19.9,14.3,0.35,-0.000305062586319872,-3.59733737137156,-0.0000863360969129175
"192","2021-08-26","FH",11,18.5557757272222,0.0120465853105555,0.997145267044227,0.995068757372132,"REF",11.9666666666667,0.9800148369,0.274,27.4,14.3,0.3,0.00605536934364805,71.4056964511607,0.00171373671482786
"193","2021-08-26","FH",12,30.9061063930185,0.00353462532962949,0.997263743391776,0.996031705769349,"REF",13.2,0.9800148369,0.126,12.6,14.1,0.12,0.00176906787290616,20.8610765694658,0.000500665837667178
"194","2021-08-29","TP",1,9.08238840790743,-0.00270176311500001,0.998790404428126,0.999762032365815,"BDA",6.6,0.9681717573,0.429,42.9,21.3,0.32,-0.00136741581911407,-16.1247437374895,-0.000386993849699747
"195","2021-08-29","TP",2,10.782792663963,0.000239373282777822,0.99659015365231,0.94715508452741,"BDA",6.03333333333333,0.9681717573,0.443,44.3,20.7,0.29,0.000121397596134504,1.43153611407272,0.0000343568667377452
"196","2021-08-29","TP",3,23.3029306523148,-0.00261458384037034,0.999573504401029,0.998760532041627,"BDA",5.53333333333333,0.9681717573,0.35,35,20.1,0.22,-0.00132836032148303,-15.6641962712121,-0.000375940710509089
"197","2021-08-29","TP",4,17.6432917112963,-0.00262649535370367,0.993028181445144,0.996142060907129,"BDA",8.4,0.9681717573,0.235,23.5,19.9,0.17,-0.00132081819307962,-15.5752585201342,-0.000373806204483221
"198","2021-08-29","TP",5,11.6304320227408,0.0436592765787037,0.973821578990336,0.998922345286083,"BDA",9.76666666666667,0.9681717573,0.474,47.4,20.3,0.43,0.0218493650910822,257.650531751789,0.00618361276204294
"199","2021-08-29","TP",6,7.76240998007405,-0.00210709093314818,0.992579509210357,0.999824363054717,"BDA",10.3333333333333,0.9681717573,0.433,43.3,20.1,0.29,-0.00105238852955981,-12.4099013001177,-0.000297837631202825
"200","2021-08-29","TP",7,13.6548912612592,-0.000630723192407516,0.998321200145015,0.997891563732851,"REF",19.5666666666667,0.9681717573,0.427,42.7,29.2,0.23,-0.000305073479701054,-3.59746582752772,-0.0000863391798606652
"201","2021-08-29","TP",8,14.9940245543889,0.0119607988398147,0.998697525276184,0.995835803747115,"REF",14.3,0.9681717573,0.224,22.4,28.3,0.08,0.00589135317890842,69.4715966782431,0.00166731832027783
"202","2021-08-29","TP",9,11.0875126396666,0.00527898837703699,0.992674575515543,0.99291117917243,"REF",13.6333333333333,0.9681717573,0.468,46.8,27.8,0.22,0.00260624062503144,30.7331256589483,0.000737595015814758
"203","2021-08-29","TP",10,15.8517246335185,-0.000410744362777832,0.994788061993546,0.959395468727315,"REF",24.7,0.9681717573,0.26,26,26.4,0.14,-0.00019524650817208,-2.30237201142968,-0.0000552569282743124
"204","2021-08-29","TP",12,17.0392430372223,-0.00113338230203702,0.999239133878355,0.980974306877209,"REF",12.7666666666667,0.9681717573,0.329,32.9,25.6,0.15,-0.00056124871064358,-6.61831719775442,-0.000158839612746106
"205","2021-09-07","FH",1,2.90738500611112,-0.00148560870018517,0.843232909991289,0.97532677468305,"BDA",7.66666666666667,0.9800148369,0.116,11.6,13.3,0.18,-0.000758200972227411,-8.94080367345998,-0.00021457928816304
"206","2021-09-07","FH",3,4.65332143074073,-0.00283495873481485,0.999947730294835,0.999994737350522,"BDA",10.5666666666667,0.9800148369,0.028,2.8,13.5,0.04,-0.00143206359105342,-16.8870786038486,-0.000405289886492366
"207","2021-09-07","FH",4,2.61956158209258,-0.00072819127240751,0.950610247415782,0.983161848189562,"BDA",10.6666666666667,0.9800148369,0.006,0.6,14,0.03,-0.000367712085347412,-4.33610834577471,-0.000104066600298593
"208","2021-09-07","FH",5,0.822774144759247,-0.000596276378148178,0.57168687033826,0.905967989868063,"BDA",10.2666666666667,0.9800148369,0.149,14.9,14.3,0.15,-0.000301524685026061,-3.55561798292087,-0.0000853348315901009
"209","2021-09-07","FH",6,1.6063231207963,0.000517109491111151,0.930557548017853,0.974293362685452,"BDA",9.7,0.9800148369,0.002,0.2,14.4,0.02,0.000262015775454319,3.08972382454793,0.0000741533717891504
"210","2021-09-07","FH",10,15.7352844421853,-0.00157947938425934,0.999989214687239,0.952525324710506,"REF",10.3,0.9800148369,0.11,11,14.9,0.11,-0.000798616220686936,-9.41738549691659,-0.000226017251925998
"211","2021-09-07","FH",11,12.0232821994075,0.00736860980185182,0.995880040738951,0.996323714776448,"REF",10.3,0.9800148369,0.067,6.7,14.9,0.06,0.00372571580883982,43.9341214402345,0.00105441891456563
"212","2021-09-07","FH",12,18.8890766334815,0.00252256469370365,0.996046429923788,0.992593743050951,"REF",15.1666666666667,0.9800148369,0.055,5.5,14.9,0.06,0.00125391849952778,14.7863687036196,0.000354872848886871
"213","2021-09-08","LP",1,2.74094759687037,-0.00126221698759251,0.980751623028891,0.992882116884096,"BDA",18.7,0.9632371408,0.333,33.3,23.5,0.2,-0.000609212633003705,-7.1839139576361,-0.000172413934983266
"214","2021-09-08","LP",2,3.73155988024075,-0.00226928634185185,0.990866542295761,0.990981844498658,"BDA",17.6666666666667,0.9632371408,0.118,11.8,23.3,0.07,-0.00109917129413877,-12.9615696950729,-0.00031107767268175
"215","2021-09-08","LP",3,7.86431956559263,-0.00139443619277767,0.99998354723106,0.997037467127308,"BDA",11.5333333333333,0.9632371408,0.201,20.1,22.8,0.09,-0.00068998047859394,-8.13633881199783,-0.000195272131487948
"216","2021-09-08","LP",4,3.68535262992591,-0.00155375654314818,0.923094369872514,0.994258535433413,"BDA",9.66666666666667,0.9632371408,0.29,29,22.6,0.17,-0.000773890796491398,-9.12582010518954,-0.000219019682524549
"217","2021-09-08","LP",5,6.75392661779621,-0.00243687615314802,0.98073763742364,0.992005202694816,"BDA",9.86666666666667,0.9632371408,0.404,40.4,21.9,0.21,-0.00121289440911508,-14.3026073373097,-0.000343262576095434
"218","2021-09-08","LP",7,7.52648598659251,-0.00284670380555551,0.990897650859773,0.999935388973918,"REF",10.8,0.9632371408,0.433,43.3,20.5,0.27,-0.00141221623419476,-16.6530360114353,-0.000399672864274448
"219","2021-09-08","LP",8,6.7219617062407,-0.00284491690870368,0.923314997558593,0.999985463824453,"REF",11.2333333333333,0.9632371408,0.549,54.9,20.1,0.41,-0.00140917810606217,-16.6172100125731,-0.000398813040301754
"220","2021-09-08","LP",9,4.82737346351851,0.00213164125666665,0.996378839492877,0.994442107942805,"REF",10.9666666666667,0.9632371408,0.587,58.7,19.7,0.41,0.00105686146355927,12.462646714854,0.000299103521156496
"221","2021-09-08","LP",10,8.99713065296295,-0.00519872191648151,0.925435724248482,0.915033443454412,"REF",11.6,0.9632371408,0.069,6.9,19.3,0.04,-0.00257177517843499,-30.3267046665935,-0.000727840911998245
"222","2021-09-08","LP",11,3.66862941933333,0.000136840871851828,0.997434521984941,0.984827172371992,"REF",12.0333333333333,0.9632371408,0.377,37.7,18.9,0.18,0.0000675914074241494,0.797046595728853,0.0000191291182974925
"223","2021-09-08","LP",12,6.9031114857408,-0.0013518349364815,0.868960024478863,0.9705316122746,"REF",16.1333333333333,0.9632371408,0,0,18.9,0.01,-0.000658259009253012,-7.76227515341701,-0.000186294603682008
"224","2021-09-10","TP",1,9.23433489546293,-0.00598375638000002,0.895622741859703,0.929941980489518,"BDA",11.7,0.9612632942,0.228,22.8,16.8,0.16,-0.00295302337329458,-34.8224325619123,-0.000835738381485896
"225","2021-09-10","TP",2,8.97858612164817,-0.00254298100833335,0.839402712817063,0.953551259817247,"BDA",11.7333333333333,0.9612632942,0.336,33.6,16.7,0.23,-0.0012548310382332,-14.7971294777528,-0.000355131107466066
"226","2021-09-10","TP",4,20.8692940786481,-0.00575079148962967,0.894605754108863,0.927234245481256,"BDA",12.8,0.9612632942,0.174,17.4,16.7,0.15,-0.00282713042854875,-33.3378867171087,-0.000800109281210609
"227","2021-09-10","TP",5,12.5393671960741,0.02951865271,0.87077371978694,0.913778661716831,"BDA",12.1333333333333,0.9612632942,0.381,38.1,16.7,0.31,0.0145455111767838,171.522544187316,0.00411654106049558
"228","2021-09-10","TP",6,9.99904263055554,-0.00268293273166668,0.848468347737625,0.934514985025838,"BDA",12.9333333333333,0.9612632942,0.396,39.6,16.7,0.29,-0.00131833397572467,-15.5459643086173,-0.000373103143406815
"229","2021-09-10","TP",8,17.3686883104629,0.00923909230777782,0.955046199841073,0.958952384773954,"REF",16.7,0.9612632942,0.142,14.2,21.9,0.05,0.00448085880291589,52.8388650408506,0.00126813276098041
"230","2021-09-10","TP",9,9.74790488942597,0.00316080235370382,0.991695107378061,0.992075037354949,"REF",16.6333333333333,0.9612632942,0.47,47,21.9,0.26,0.00153330744925384,18.0809592403431,0.000433943021768233
"231","2021-09-10","TP",10,13.8878260576667,-0.00150800254055568,0.973179768549799,0.953704922615469,"REF",17.8333333333333,0.9612632942,0.188,18.8,21.7,0.1,-0.000728514735090337,-8.59073973557473,-0.000206177753653793
"232","2021-09-10","TP",11,21.4621806737223,-0.000768794055926006,0.997399647538962,0.999180295800533,"REF",18.4,0.9612632942,0.178,17.8,21.5,0.12,-0.000370681504849525,-4.37112412360276,-0.000104906978966466
"233","2021-09-10","TP",12,24.613256359537,-0.00223382032388901,0.995764065500621,0.979528805655186,"REF",17.8,0.9612632942,0.293,29.3,21.5,0.18,-0.00107928038400136,-12.7270135167782,-0.000305448324402677
