"","Date","Site","Chamber","CO2_slope","CH4_slope","R2_CO2","R2_CH4","Reach","AvgTemp","Baro_pressure_atm","Soil_Moisture_wfv","Soil_Moisture_Percent","Soil_Temp_C","EC","CO2am","CO2_flux_micrograms","CO2_flux_g"
"1","2021-06-07","LP",1,8.76934940550007,0.0421814403264815,0.997043373574664,0.999578710080461,"BDA",24.4,0.9543548311,0.4,40,18.9,0.26,4.11314836782422,48502.7761551045,0.0485027761551045
"2","2021-06-07","LP",2,14.6371597394444,0.0010532627724075,0.997214979329316,0.718411442811306,"BDA",24.9,0.9543548311,0.45,45,19.1,0.32,6.85384493447858,80821.4236226691,0.0808214236226691
"3","2021-06-07","LP",3,10.160312718111,0.0250602418225926,0.997736618873877,0.993129050344413,"BDA",15.5333333333333,0.9543548311,0.337,33.7,19.3,0.18,4.91200779402877,57923.0295628586,0.0579230295628586
"4","2021-06-07","LP",4,10.4582543876482,0.0138347423046297,0.996676612138911,0.999807083070674,"BDA",24.8,0.9543548311,0.51,51,19.5,0.54,4.89871838045374,57766.3190836295,0.0577663190836295
"5","2021-06-07","LP",6,5.39028025879628,0.00266247397296299,0.99988800293751,0.999670172305271,"BDA",16.8666666666667,0.9543548311,0.581,58.1,19.7,0.42,2.59394662273142,30588.1531978834,0.0305881531978834
"6","2021-06-07","LP",7,8.71360908659262,0.00186941363111116,0.999840994212164,0.999594755943145,"REF",12.3666666666667,0.9543548311,0.631,63.1,19.7,0.43,4.25934477260538,50226.7430198185,0.0502267430198185
"7","2021-06-07","LP",8,8.22597055044447,0.0309244435055555,0.988162192928079,0.999263702669764,"REF",11.9666666666667,0.9543548311,0.658,65.8,19.7,0.46,4.02662377292111,47482.4669702168,0.0474824669702168
"8","2021-06-07","LP",9,5.87654436485188,0.139505026856851,0.999466656394186,0.996589224145381,"REF",11.5666666666667,0.9543548311,0.545,54.5,19.7,0.34,2.88061990775006,33968.641556066,0.033968641556066
"9","2021-06-07","LP",10,8.6034843243704,-0.00246977907074084,0.997053618853621,0.921811793681004,"REF",13.4666666666667,0.9543548311,0.195,19.5,19.7,0.09,4.18936540794283,49401.5373242848,0.0494015373242848
"10","2021-06-07","LP",11,5.3571149525926,0.009422109625,0.999991456334412,0.992176994249944,"REF",14.1,0.9543548311,0.663,66.3,19.5,0.5,2.60282960773163,30692.902502923,0.030692902502923
"11","2021-06-07","LP",12,8.5297109910741,0.0104987802359258,0.999019221248131,0.99911437854445,"REF",22.5,0.9543548311,0.568,56.8,19.3,0.51,4.02647304808094,47480.6896034578,0.0474806896034578
"12","2021-06-08","FH",1,6.85052120998148,-0.000508853844259174,0.999991794782918,0.999109391753017,"BDA",15.5,0.9691586806,0.284,28.4,14.7,0.47,3.36364982331035,39664.5926318676,0.0396645926318676
"13","2021-06-08","FH",2,10.2434694927407,-0.000265851061481515,0.999403467458916,0.757399662867066,"BDA",23.6666666666667,0.9691586806,0.462,46.2,16.5,0.52,4.89115364409848,57677.114736667,0.057677114736667
"14","2021-06-08","FH",3,6.37296654964815,-0.00127005212425934,0.999757123970504,0.999830455516621,"BDA",20.7333333333333,0.9691586806,0.233,23.3,16.7,0.27,3.07341625691931,36242.1209764604,0.0362421209764604
"15","2021-06-08","FH",4,10.1998448580741,0.00328493757240731,0.999267353871349,0.997620693179031,"BDA",25.1666666666667,0.9691586806,0.553,55.3,18,0.53,4.84582197281029,57142.5578209895,0.0571425578209895
"16","2021-06-08","FH",5,7.37964208005548,0.00112894372851849,0.996343224549469,0.987610904513393,"BDA",24.3,0.9691586806,0.572,57.2,18,0.68,3.51619837077267,41463.4647825129,0.0414634647825129
"17","2021-06-08","FH",6,6.45337215925926,-0.000188643961481516,0.999918721039464,0.996773848075638,"BDA",27.5,0.9691586806,0.308,30.8,18.6,0.48,3.04211210173307,35872.9783402259,0.0358729783402259
"18","2021-06-08","FH",7,8.09794410572219,0.0000408938883333234,0.997514951593614,0.987433244534677,"REF",17.6,0.9691586806,0.482,48.2,21.3,0.55,3.94740915309378,46548.3579544195,0.0465483579544195
"19","2021-06-08","FH",8,8.13480167794438,-0.000157326907962998,0.997993457725262,0.999843365320718,"REF",15.2333333333333,0.9691586806,0.476,47.6,21.5,0.66,3.99793514103816,47144.1669221806,0.0471441669221806
"20","2021-06-08","FH",9,9.60153036148153,0.00167825093611115,0.996691884877767,0.999468072203705,"REF",16.1333333333333,0.9691586806,0.339,33.9,21.7,0.29,4.70408624381647,55471.1918205931,0.0554711918205931
"21","2021-06-08","FH",10,7.26281486388885,0.00130613348648149,0.999987350318273,0.999714517030691,"REF",15.0333333333333,0.9691586806,0.337,33.7,21.9,0.29,3.57186636569234,42119.9089598525,0.0421199089598525
"22","2021-06-08","FH",11,6.61065470524069,0.0176041068783333,0.99998450955044,0.998376197786184,"REF",14.5333333333333,0.9691586806,0.434,43.4,21.9,0.36,3.25678622956454,38404.4433488683,0.0384044433488683
"23","2021-06-08","FH",12,22.784071928148,0.0118444367555556,0.999952132748464,0.999980740398432,"REF",15.0666666666667,0.9691586806,0.396,39.6,21.7,0.25,11.2039539386417,132118.470169726,0.132118470169726
"24","2021-06-10","TP",1,3.17091555964815,0.000117344964999996,0.999999515855576,0.974533938957906,"BDA",6.33333333333333,0.9583025243,0.662,66.2,9.1,0.45,1.5900201725224,18749.7229891442,0.0187497229891442
"25","2021-06-10","TP",2,3.47692580412963,0.0126490309124073,0.999851819286912,0.998627011617341,"BDA",6.8,0.9583025243,0.615,61.5,8.8,0.41,1.74055773694342,20524.8813683469,0.0205248813683469
"26","2021-06-10","TP",3,5.3750899498889,0.00977019912055549,0.989004027812441,0.972139051135438,"BDA",6.66666666666667,0.9583025243,0.57,57,8.5,0.45,2.69206629932466,31745.1930818423,0.0317451930818423
"27","2021-06-10","TP",4,2.57780363583333,-0.00552154401629635,0.958956350907699,0.31027481816025,"BDA",6.73333333333333,0.9583025243,0.604,60.4,8.3,0.55,1.29076247910365,15220.8376637017,0.0152208376637017
"28","2021-06-10","TP",6,5.82478436412963,0.00360770684629615,0.996131295972322,0.887594253204616,"BDA",6.36666666666667,0.9583025243,0.721,72.1,8.2,0.53,2.92042452829764,34438.0227764131,0.0344380227764131
"29","2021-06-10","TP",7,10.5057136575741,0.00697736181888899,0.994405693417673,0.999967649863213,"REF",6.46666666666667,0.9583025243,0.64,64,12.7,0.31,5.26545936687226,62090.9761055617,0.0620909761055617
"30","2021-06-10","TP",8,2.81894482505555,0.00863586509203698,0.955252752674564,0.999161642106546,"REF",6.53333333333333,0.9583025243,0.583,58.3,12,0.54,1.41251703221037,16656.5830604387,0.0166565830604387
"31","2021-06-10","TP",9,1.23061123159258,0.00564265509574066,0.935538853753592,0.984422468810814,"REF",6.4,0.9583025243,0.589,58.9,11.5,0.33,0.616929011619873,7274.90648970126,0.00727490648970126
"32","2021-06-10","TP",10,5.99471228644444,0.000390135314629475,0.99987948234595,0.775547258684329,"REF",5.86666666666667,0.9583025243,0.445,44.5,11.2,0.21,3.01101181535304,35506.2397512534,0.0355062397512534
"33","2021-06-10","TP",12,9.99125889890746,0.0014331400964815,0.92972404463572,0.889459364484984,"REF",5.43333333333333,0.9583025243,0.47,47,10.3,0.3,5.02619932120171,59269.590782144,0.059269590782144
"34","2021-06-14","LP",1,16.9628751714074,0.0228457364187038,0.994555681008946,0.98904884845071,"BDA",29.2333333333333,0.9839625301,0.422,42.2,20.3,0.3,8.07186248711783,95184.4437293083,0.0951844437293083
"35","2021-06-14","LP",2,15.4126864820925,0.00183280040129632,0.997284970139367,0.979485163344682,"BDA",28.3333333333333,0.9839625301,0.362,36.2,20.5,0.25,7.35610327784056,86744.1187996014,0.0867441187996014
"36","2021-06-14","LP",3,16.5634478092037,0.00295949404777783,0.996624406624871,0.99260139472912,"BDA",22.6666666666667,0.9839625301,0.337,33.7,20.7,0.18,8.05684535847806,95007.3598111583,0.0950073598111583
"37","2021-06-14","LP",4,10.2396964943519,0.0312590955175925,0.976030172512161,0.995363867464222,"BDA",25.5666666666667,0.9839625301,0.449,44.9,20.9,0.35,4.93244685117417,58164.0495613833,0.0581640495613833
"38","2021-06-14","LP",5,9.51908204412965,0.0169418492155555,0.987427103823528,0.985730273385524,"BDA",15.8333333333333,0.9839625301,0.499,49.9,21.1,0.38,4.73984791723556,55892.8980868553,0.0558928980868553
"39","2021-06-14","LP",6,6.78164443559253,0.00292002585240748,0.973187203026239,0.980807367130854,"BDA",24.4333333333333,0.9839625301,0.471,47.1,21.3,0.35,3.2791556153797,38668.2260320818,0.0386682260320818
"40","2021-06-14","LP",7,9.5666077089259,0.000969999429999987,0.991920433260554,0.977134255115367,"REF",19.8,0.9839625301,0.617,61.7,21.3,0.43,4.69897941622017,55410.9714507898,0.0554109714507898
"41","2021-06-14","LP",8,10.4996175687592,0.0215867903392593,0.99084302082202,0.98988035777444,"REF",20.0666666666667,0.9839625301,0.655,65.5,21.3,0.47,5.15256768761926,60759.7428606304,0.0607597428606304
"42","2021-06-14","LP",9,7.25093785518514,0.0983455957218517,0.977306023312472,0.987174648731598,"REF",18.6333333333333,0.9839625301,0.637,63.7,21.3,0.48,3.57580371006159,42166.3386325775,0.0421663386325775
"43","2021-06-14","LP",11,4.58456891253698,0.00600229392629615,0.944979353912794,0.93826379824805,"REF",22.0333333333333,0.9839625301,0.635,63.5,21.3,0.42,2.23482781809603,26353.3779268097,0.0263533779268097
"44","2021-06-14","LP",12,11.454765361111,0.0119878390379628,0.979176792234144,0.990745146380936,"REF",27.3,0.9839625301,0.546,54.6,21.3,0.45,5.48589530149296,64690.3850831436,0.0646903850831436
"45","2021-06-15","FH",1,8.52600576275922,-0.000511918048148173,0.991088233813237,0.54253277697816,"BDA",18.8666666666667,0.9750802204,0.427,42.7,19.9,0.77,4.16331776280062,49094.3801325862,0.0490943801325862
"46","2021-06-15","FH",2,17.7229702937038,-0.000319391171481514,0.999993098813604,0.99979856715964,"BDA",24.2666666666667,0.9750802204,0.451,45.1,20.1,0.46,8.4970609207969,100198.438510427,0.100198438510427
"47","2021-06-15","FH",3,9.50740749355551,-0.00124773641870368,0.997607457537255,0.998656747289577,"BDA",21.2333333333333,0.9750802204,0.182,18.2,20.3,0.18,4.60520186987127,54305.1345268128,0.0543051345268128
"48","2021-06-15","FH",4,17.2954793818518,0.00360946241481466,0.999998357762268,0.997217245714172,"BDA",25.4333333333333,0.9750802204,0.538,53.8,20.5,0.52,8.25968927885916,97399.3214874331,0.0973993214874331
"49","2021-06-15","FH",5,13.2454277107592,0.000834790453518498,0.999545009476043,0.968433834421553,"BDA",26.0666666666667,0.9750802204,0.551,55.1,20.5,0.59,6.31213694159034,74433.5330894648,0.0744335330894648
"50","2021-06-15","FH",6,9.71237661838889,0.000374296500555656,0.99984288875288,0.896451220546187,"BDA",26.1666666666667,0.9750802204,0.302,30.2,20.7,0.42,4.62690676173824,54561.0814116686,0.0545610814116686
"51","2021-06-15","FH",7,10.4167877592037,-0.0000769107690741818,0.999836445040376,0.393958094035592,"REF",18.8,0.9750802204,0.484,48.4,21.3,0.8,5.0877640671765,59995.5702086144,0.0599955702086144
"52","2021-06-15","FH",8,11.3114456552593,-0.000137727820185187,0.999820224141409,0.975287042465008,"REF",17.1666666666667,0.9750802204,0.491,49.1,21.3,0.7,5.55583102117132,65515.0761113935,0.0655150761113935
"53","2021-06-15","FH",9,14.449328058426,0.00141229315611115,0.99999852186492,0.999427583497764,"REF",18.1,0.9750802204,0.435,43.5,21.3,0.41,7.07430665797894,83421.1367060469,0.0834211367060469
"54","2021-06-15","FH",10,11.6380987728148,0.00571550210370365,0.999999675692195,0.977476980133222,"REF",17.6666666666667,0.9750802204,0.438,43.8,21.3,0.4,5.70643985561908,67291.0749159456,0.0672910749159456
"55","2021-06-15","FH",11,12.1819795941296,0.018243877232037,0.998968458374634,0.999992518314818,"REF",17.2333333333333,0.9750802204,0.541,54.1,21.1,0.54,5.98203588152616,70540.9388057033,0.0705409388057033
"56","2021-06-15","FH",12,40.7496122146297,0.00393166132481482,0.999730964600524,0.999912820232897,"REF",18.8666666666667,0.9750802204,0.378,37.8,20.9,0.26,19.8983661378034,234644.100413213,0.234644100413213
"57","2021-06-17","TP",1,11.3292314833333,0.00148873467555566,0.998534537738643,0.999173095737354,"BDA",9.63333333333333,0.967184834,0.572,57.2,17.3,0.52,5.66662713420074,66821.5981690854,0.0668215981690854
"58","2021-06-17","TP",2,13.0873177449259,0.0193206369838888,0.999629226566069,0.999633076234369,"BDA",12.0333333333333,0.967184834,0.612,61.2,17.2,0.39,6.49086477997718,76541.1148158561,0.0765411148158561
"59","2021-06-17","TP",3,15.0425561254444,0.0125776561116666,0.998500643699133,0.999974753067089,"BDA",12.9333333333333,0.967184834,0.529,52.9,17.3,0.4,7.43711368498756,87699.4039711314,0.0876994039711314
"60","2021-06-17","TP",4,13.5584093702592,0.0144161034157407,0.999825917389288,0.999770931823543,"BDA",20.6333333333333,0.967184834,0.528,52.8,17.3,0.53,6.52756122632878,76973.8440451255,0.0769738440451255
"61","2021-06-17","TP",5,12.0358518059445,0.0975091473101852,0.998520825736441,0.997769794842441,"BDA",21.6333333333333,0.967184834,0.558,55.8,17.3,0.45,5.77487408622589,68098.0601913698,0.0680980601913698
"62","2021-06-17","TP",6,12.4483128822779,0.00229589164648149,0.999767240109843,0.995682573965298,"BDA",21.8,0.967184834,0.594,59.4,17.2,0.5,5.96939865271327,70391.918973322,0.070391918973322
"63","2021-06-17","TP",7,22.6109255178334,0.0124461686672222,0.99608515982834,0.996398519939394,"REF",18.6333333333333,0.967184834,0.477,47.7,25.9,0.3,10.9604590657638,129247.14721758,0.12924714721758
"64","2021-06-17","TP",8,14.4414205682593,0.0228303110442591,0.996527264870011,0.999568306025342,"REF",16.2333333333333,0.967184834,0.328,32.8,25.6,0.13,7.05844670604675,83234.1141069072,0.0832341141069072
"65","2021-06-17","TP",9,13.4501168122593,0.032305423458889,0.992819154890555,0.993880939081213,"REF",28.5666666666667,0.967184834,0.501,50.1,25.6,0.3,6.30507544197653,74350.2629750757,0.0743502629750757
"66","2021-06-17","TP",10,23.4102710585,0.0045171230264815,0.99999866897028,0.998455579735606,"REF",33.0333333333333,0.967184834,0.242,24.2,25.6,0.11,10.8139728886415,127519.763320039,0.127519763320039
"67","2021-06-17","TP",11,24.6993672877037,0.013035223297963,0.996444085909496,0.99551086143797,"REF",30.3,0.967184834,0.449,44.9,25.4,0.3,11.5122704814942,135754.178616295,0.135754178616295
"68","2021-06-17","TP",12,16.5605079418889,0.00431190439537033,0.996659533976072,0.997202373836552,"REF",20.6666666666667,0.967184834,0.395,39.5,25.4,0.23,7.97198671770581,94006.6957722921,0.0940066957722921
"69","2021-06-28","LP",1,13.7069424845186,0.015541068073889,0.997469575684092,0.999409592617355,"BDA",32.3,0.9701456039,0.241,24.1,34.2,0.13,6.36632484775424,75072.5238692629,0.0750725238692629
"70","2021-06-28","LP",2,18.5648264185185,-0.000644226882777686,0.999955625900174,0.945055222487314,"BDA",31.5,0.9701456039,0.065,6.5,34.2,0.04,8.64527086976344,101946.149347925,0.101946149347925
"71","2021-06-28","LP",3,18.981469663926,-0.000251483223703683,0.993373431369977,0.993763104169364,"BDA",20.9333333333333,0.9701456039,0.169,16.9,34.2,0.07,9.15705883133912,107981.219012167,0.107981219012167
"72","2021-06-28","LP",4,13.4583840232408,0.0381347574107406,0.999746739298549,0.999945423001364,"BDA",31.8333333333333,0.9701456039,0.289,28.9,34.6,0.2,6.26044883117805,73824.0202236466,0.0738240202236466
"73","2021-06-28","LP",6,5.0965731473334,0.00833426109611098,0.999956648637156,0.9950901882249,"BDA",24.7,0.9701456039,0.456,45.6,34.6,0.28,2.42758494810532,28626.3948698107,0.0286263948698107
"74","2021-06-28","LP",7,12.5604493040555,0.00351407906314815,0.998444001840562,0.994148650203532,"REF",19,0.9701456039,0.604,60.4,33.4,0.37,6.09954349457142,71926.6037373745,0.0719266037373745
"75","2021-06-28","LP",8,13.7829514457038,0.0223703757994445,0.993428747355255,0.999116038532887,"REF",19.5666666666667,0.9701456039,0.589,58.9,33.4,0.36,6.680245014443,78774.3109709843,0.0787743109709843
"76","2021-06-28","LP",9,8.60359598683336,0.15504152242,0.994511835171702,0.999798453862932,"REF",19.7666666666667,0.9701456039,0.514,51.4,33.1,0.28,4.16709488303781,49138.9204216769,0.0491389204216769
"77","2021-06-28","LP",10,12.9038870355926,-0.00317311394018518,0.985103935612657,0.93295502044367,"REF",19.7,0.9701456039,0.242,24.2,33.1,0.12,6.25133595399666,73716.5600003502,0.0737165600003502
"78","2021-06-28","LP",11,7.25076966951849,0.0101369651424073,0.988106863096608,0.999989871850088,"REF",24.3333333333333,0.9701456039,0.405,40.5,31.7,0.2,3.45792459583759,40776.2929110824,0.0407762929110824
"79","2021-06-28","LP",12,12.4342806537036,0.0328826785096295,0.999019811370673,0.995345427539865,"REF",27.5666666666667,0.9701456039,0.454,45.4,31.4,0.35,5.86617290494296,69174.6676393529,0.0691746676393529
"80","2021-06-29","FH",1,11.3814905493704,-0.00174280110537034,0.999768446441456,0.829964455797092,"BDA",20.1,0.9819886835,0.291,29.1,23.5,0.58,5.57349858977878,65723.414359553,0.065723414359553
"81","2021-06-29","FH",2,19.5220407292778,-0.00093654985703701,0.9999919132078,0.972091301650956,"BDA",24.0666666666667,0.9819886835,0.379,37.9,24.9,0.36,9.43226216631597,111226.452239818,0.111226452239818
"82","2021-06-29","FH",3,12.7734950923518,-0.00257437282462967,0.966057738131134,0.979784148965305,"BDA",21.8666666666667,0.9819886835,0.163,16.3,24.9,0.15,6.21768386902867,73319.730273243,0.073319730273243
"83","2021-06-29","FH",4,18.4232590827778,0.000726554767592653,0.999757661974628,0.992117584006695,"BDA",26.2333333333333,0.9819886835,0.47,47,25.9,0.42,8.83692280012857,104206.13363415,0.10420613363415
"84","2021-06-29","FH",5,18.7620948901481,-0.000126822564444506,0.999645930196021,0.517145425205332,"BDA",23.7333333333333,0.9819886835,0.485,48.5,25.9,0.44,9.07527021109862,107016.757051448,0.107016757051448
"85","2021-06-29","FH",6,15.2386194451111,0.00434730028555548,0.999427319757371,0.896699171825152,"BDA",27.1,0.9819886835,0.201,20.1,26.4,0.24,7.28826575336219,85944.1699598198,0.0859441699598198
"86","2021-06-29","FH",7,15.4658473402778,-0.0000559630681481814,0.998297799435211,0.643243447769831,"REF",19.2,0.9819886835,0.373,37.3,28.3,0.54,7.59692920632741,89583.96921519,0.08958396921519
"87","2021-06-29","FH",8,13.4350233947778,-0.000258527344074001,0.999468171063392,0.673423593811239,"REF",18.9666666666667,0.9819886835,0.359,35.9,28.6,0.45,6.60464877266682,77882.8703359418,0.0778828703359418
"88","2021-06-29","FH",9,15.008462074074,0.00491557873592583,0.998336630365602,0.995329006335772,"REF",19.3666666666667,0.9819886835,0.261,26.1,28.3,0.2,7.3680558257227,86885.0647861226,0.0868850647861226
"89","2021-06-29","FH",10,15.2622958389075,0.00448545141259266,0.998434240939508,0.999993581792989,"REF",18.4,0.9819886835,0.362,36.2,28.3,0.3,7.51752518926379,88647.6268027498,0.0886476268027498
"90","2021-06-29","FH",11,13.9209982412778,0.0196486898446295,0.999957329234086,0.998223822612141,"REF",18.2333333333333,0.9819886835,0.505,50.5,28.3,0.43,6.86078594297115,80903.272890213,0.0809032728902131
"91","2021-06-29","FH",12,34.510743885926,-0.00301403947685185,0.996107863928328,0.978794500343566,"REF",21.2,0.9819886835,0.208,20.8,28,0.15,16.8366709473596,198540.195764665,0.198540195764665
"92","2021-07-01","TP",1,22.450994011074,0.00292978919185199,0.996396131734491,0.982501199756492,"BDA",16.4333333333333,0.9652109874,0.465,46.5,19.5,0.45,10.9432765287155,129044.528524136,0.129044528524136
"93","2021-07-01","TP",2,19.9365390154444,0.0292751707564815,0.999914178270266,0.999924199520354,"BDA",17.8333333333333,0.9652109874,0.54,54,19.5,0.38,9.6708786098955,114040.248124352,0.114040248124352
"94","2021-07-01","TP",3,36.3936818233333,0.0161692885292593,0.994179096959878,0.99997473521398,"BDA",17.9,0.9652109874,0.458,45.8,19.7,0.36,17.6499150150527,208130.074720491,0.208130074720491
"95","2021-07-01","TP",4,28.5612173959814,0.00886388277592599,0.99442955607081,0.996949691407365,"BDA",26.6666666666667,0.9652109874,0.535,53.5,19.7,0.55,13.4461708081163,158558.980743589,0.158558980743589
"96","2021-07-01","TP",5,25.5252318740556,0.0891787534103705,0.999927836450505,0.999721821857624,"BDA",27.7333333333333,0.9652109874,0.553,55.3,19.9,0.49,11.9742542102086,141201.950341823,0.141201950341823
"97","2021-07-01","TP",6,29.6401525739444,-0.00134372279777785,0.998321682621571,0.621501499765271,"BDA",28.7333333333333,0.9652109874,0.571,57.1,20.1,0.54,13.8585403374226,163421.695429398,0.163421695429398
"98","2021-07-01","TP",7,41.7216890490742,0.0160575237696296,0.9946803462299,0.993510314632152,"REF",24.4666666666667,0.9652109874,0.433,43.3,25.6,0.25,19.7871807537284,233332.988021135,0.233332988021135
"99","2021-07-01","TP",8,30.4801854517222,0.0638175707494443,0.999413993185885,0.999665821041789,"REF",21.3,0.9652109874,0.271,27.1,25.9,0.13,14.6112606743681,172297.870744604,0.172297870744604
"100","2021-07-01","TP",9,20.1450649784444,0.0475837995662963,0.998947586795011,0.998466887188086,"REF",29.1,0.9652109874,0.444,44.4,25.9,0.27,9.4075880815202,110935.492248915,0.110935492248915
"101","2021-07-01","TP",10,31.7537032656112,0.00340108932592582,0.999577550765431,0.99769563762775,"REF",38.1333333333333,0.9652109874,0.19,19,25.9,0.1,14.3981994783632,169785.425636131,0.169785425636131
"102","2021-07-01","TP",11,45.7700591446297,0.0607730790974073,0.997623345804333,0.998184353267476,"REF",34.2333333333333,0.9652109874,0.445,44.5,25.9,0.32,21.0171336909278,247836.751722188,0.247836751722188
"103","2021-07-01","TP",12,27.6270876535185,0.0109059120127778,0.983384493646107,0.999439918015855,"REF",26.6,0.9652109874,0.368,36.8,26.2,0.23,13.0092914237443,153407.242685041,0.153407242685041
"104","2021-07-12","LP",1,10.0192335758889,0.002997169700926,0.993961537274124,0.996177789807137,"BDA",27.7333333333333,0.9632371408,0.246,24.6,23.7,0.14,4.6905551012706,55311.6308421564,0.0553116308421564
"105","2021-07-12","LP",2,14.735039274,-0.00165717539425918,0.989468560248554,0.997235688930358,"BDA",27,0.9632371408,0.021,2.1,23.9,0.02,6.91514596826478,81544.2933209925,0.0815442933209925
"106","2021-07-12","LP",3,20.3791242760185,-0.00133206511592601,0.977550160937711,0.969147901126187,"BDA",20.1666666666667,0.9632371408,0.23,23,24.2,0.12,9.78683434748368,115407.61314044,0.11540761314044
"107","2021-07-12","LP",4,9.19142210957412,0.00589020110777782,0.956519532648435,0.975907185293762,"BDA",23.8,0.9632371408,0.326,32.6,24.4,0.22,4.3600364846854,51414.1126780337,0.0514141126780337
"108","2021-07-12","LP",5,10.024589401463,0.000134873549444489,0.970408454925012,0.245029981415169,"BDA",18.1333333333333,0.9632371408,0.552,55.2,24.4,0.45,4.84781423151953,57166.050792693,0.057166050792693
"109","2021-07-12","LP",6,6.6896046117037,0.00673056814703715,0.993820717726719,0.99325286925813,"BDA",23.1,0.9632371408,0.471,47.1,24.4,0.33,3.18077794236646,37508.1438210564,0.0375081438210564
"110","2021-07-12","LP",7,12.5266771111852,-0.0000379878496295089,0.999121771624653,0.107592420129645,"REF",18.4,0.9632371408,0.586,58.6,24.2,0.43,6.05226094579882,71369.041822735,0.071369041822735
"111","2021-07-12","LP",8,13.7648447121481,0.0167096910125925,0.974608587345623,0.980169494884874,"REF",18.1,0.9632371408,0.517,51.7,23.9,0.33,6.65733512678928,78504.154620365,0.078504154620365
"112","2021-07-12","LP",9,7.46869500077777,0.0612745803312963,0.978239711846703,0.987415944554265,"REF",18.0333333333333,0.9632371408,0.6,60,23.9,0.42,3.61304441061623,42605.4857776187,0.0426054857776187
"113","2021-07-12","LP",10,12.8676741400925,-0.00331012760370385,0.984152041225279,0.997898052627813,"REF",18.1333333333333,0.9632371408,0.215,21.5,23.9,0.1,6.22270811548575,73378.9768355995,0.0733789768355995
"114","2021-07-12","LP",11,8.0553616240555,0.00667192271388899,0.98239418459945,0.985022075994145,"REF",20.9,0.9632371408,0.621,62.1,23.3,0.42,3.85883993562914,45503.9383165272,0.0455039383165272
"115","2021-07-12","LP",12,11.1414341918519,0.00205327003166666,0.982797186193317,0.971046231707505,"REF",23.8333333333333,0.9632371408,0.481,48.1,23.3,0.37,5.28444934387747,62314.9083641398,0.0623149083641398
"116","2021-07-13","FH",3,4.31531449190742,-0.00115064026259251,0.927513979639285,0.95020055596636,"BDA",22.7333333333333,0.977054067,0.181,18.1,20.1,0.21,2.08386153881703,24573.1640866969,0.0245731640866969
"117","2021-07-13","FH",4,25.5155440448334,-0.002952475572037,0.996199716928186,0.999265590244044,"BDA",23.9333333333333,0.977054067,0.28,28,20.1,0.29,12.2716388299777,144708.74814116,0.14470874814116
"118","2021-07-13","FH",5,9.50872053442596,-0.00273196564851851,0.997970307933531,0.992316218718179,"BDA",23.3,0.977054067,0.364,36.4,20.3,0.43,4.58297109093878,54042.9863138402,0.0540429863138402
"119","2021-07-13","FH",6,2.28601677740739,-0.000453845086666679,0.999945890901931,0.991992041541644,"BDA",26.1666666666667,0.977054067,0.124,12.4,20.1,0.13,1.09124658257591,12868.1204740252,0.0128681204740252
"120","2021-07-13","FH",7,4.75848340444448,-0.000911033771111167,0.992330822716237,0.997825546707349,"REF",20.1,0.977054067,0.382,38.2,20.5,0.7,2.31851241804599,27340.1975248466,0.0273401975248466
"121","2021-07-13","FH",9,14.8361626129816,-0.00109290948962968,0.997025713616401,0.991446124841235,"REF",19.8333333333333,0.977054067,0.364,36.4,20.5,0.39,7.23532026352542,85319.8299136245,0.0853198299136245
"122","2021-07-13","FH",10,24.4043789399075,0.00179792524648149,0.997098221379347,0.983804222737584,"REF",19.5666666666667,0.977054067,0.228,22.8,20.7,0.24,11.9124091638919,140472.665577562,0.140472665577562
"123","2021-07-13","FH",11,18.3534808933148,0.0214106157168518,0.991599062966434,0.992802333865855,"REF",19.3,0.977054067,0.45,45,20.7,0.48,8.96698233986322,105739.812504558,0.105739812504558
"124","2021-07-13","FH",12,19.9232005427777,-0.00127320417833334,0.993623874663675,0.999597324994092,"REF",21.2666666666667,0.977054067,0.129,12.9,20.7,0.11,9.66884776772156,114016.300171456,0.114016300171456
"125","2021-07-15","TP",1,19.9372666442408,0.000138935421111159,0.994345869917218,0.82412793333535,"BDA",19.2,0.9602763709,0.512,51.2,24.7,0.42,9.57678498890629,112930.684007443,0.112930684007443
"126","2021-07-15","TP",2,17.395754648889,0.0114673856116666,0.972368022894931,0.97883302479714,"BDA",21.2333333333333,0.9602763709,0.474,47.4,24.2,0.35,8.29823507073882,97853.8584377376,0.0978538584377376
"127","2021-07-15","TP",3,34.5535119133333,-0.00158884036148135,0.993066935384025,0.998034034737029,"BDA",21.6666666666667,0.9602763709,0.412,41.2,24.2,0.31,16.4586994779499,194083.107438553,0.194083107438553
"128","2021-07-15","TP",4,33.3500650829074,-0.00203816069314801,0.997870327714363,0.99241999516124,"BDA",24.2,0.9602763709,0.315,31.5,24.4,0.26,15.7500599835213,185726.739104795,0.185726739104795
"129","2021-07-15","TP",5,19.7902359555557,0.0500766492694445,0.99877683618199,0.998407938568706,"BDA",23.1,0.9602763709,0.434,43.4,24.7,0.36,9.38095162207637,110621.391683014,0.110621391683014
"130","2021-07-15","TP",6,19.6984761204444,-0.00193619521851852,0.995767305974489,0.988704055706697,"BDA",23.0333333333333,0.9602763709,0.444,44.4,24.9,0.33,9.33955849310325,110133.278566394,0.110133278566394
"131","2021-07-15","TP",7,22.5765871745555,0.00146596672314816,0.965491738960005,0.97162867060559,"REF",23.6,0.9602763709,0.367,36.7,29.2,0.24,10.6836948835267,125983.508277686,0.125983508277686
"132","2021-07-15","TP",8,19.9893602992037,0.020753975847037,0.96680568815047,0.976509726841457,"REF",20.3666666666667,0.9602763709,0.24,24,28.9,0.09,9.56362329452855,112775.479609464,0.112775479609464
"133","2021-07-15","TP",9,16.9843030252963,0.0230682089262963,0.99988869739657,0.999262775738232,"REF",25.6,0.9602763709,0.444,44.4,28.9,0.24,7.98348029565373,94142.229526141,0.094142229526141
"134","2021-07-15","TP",10,22.8093816176481,0.000319539444444324,0.995975143048418,0.940396007736299,"REF",29.2666666666667,0.9602763709,0.246,24.6,28.9,0.14,10.5915028162055,124896.367526932,0.124896367526932
"135","2021-07-15","TP",11,32.9588426001297,0.00368442590574065,0.997100455497227,0.997725538953591,"REF",27.9,0.9602763709,0.317,31.7,28.9,0.2,15.373901565033,181291.030509034,0.181291030509034
"136","2021-07-15","TP",12,29.7622509420185,0.00309969503148149,0.999459657652817,0.999522739184027,"REF",27,0.9602763709,0.309,30.9,28.9,0.19,13.9244756757207,164199.213444357,0.164199213444357
"137","2021-07-26","LP",1,2.66379661711111,0.000171787011111161,0.999990071000474,0.116047879110538,"BDA",7.33333333333333,0.967184834,0.349,34.9,17.2,0.24,1.34330270357766,15840.3987684595,0.0158403987684595
"138","2021-07-26","LP",2,9.54504586214815,-0.00147247093425918,0.995986730531604,0.999149043659389,"BDA",6.4,0.967184834,0.11,11,17,0.07,4.82946679601625,56949.6954663942,0.0569496954663942
"139","2021-07-26","LP",3,13.8480722253519,-0.00108054813759251,0.995180569664849,0.976277153677474,"BDA",5.96666666666667,0.967184834,0.205,20.5,16.7,0.11,7.01753477887685,82751.6753840256,0.0827516753840256
"140","2021-07-26","LP",4,6.21384654107413,0.00216497954074067,0.999979907220711,0.999918425301255,"BDA",5.96666666666667,0.967184834,0.24,24,16.5,0.17,3.148877584041,37131.9706804931,0.0371319706804931
"141","2021-07-26","LP",5,6.61477046668523,-0.000737067183518671,0.996302124324091,0.993462935053079,"BDA",5.53333333333333,0.967184834,0.491,49.1,16.2,0.33,3.35726149104913,39589.2605937398,0.0395892605937398
"142","2021-07-26","LP",6,2.56125837735185,0.00122525179833332,0.999939486642928,0.975443849059938,"BDA",5.63333333333333,0.967184834,0.432,43.2,15.8,0.27,1.29947487886521,15323.5754056014,0.0153235754056014
"143","2021-07-26","LP",7,7.6983832068519,-0.00102878256185202,0.99971338056727,0.997778669575442,"REF",6.83333333333333,0.967184834,0.513,51.3,15,0.37,3.88908689229854,45860.6143314713,0.0458606143314713
"144","2021-07-26","LP",8,7.3223902567592,0.000936155474259319,0.984341280584117,0.999852344655183,"REF",6.93333333333333,0.967184834,0.543,54.3,14.7,0.4,3.69782047431987,43605.1760570393,0.0436051760570393
"145","2021-07-26","LP",9,5.55903216353705,0.0239561320972223,0.997097473657662,0.99639728999725,"REF",6.53333333333333,0.967184834,0.551,55.1,14.6,0.37,2.81133856599472,33151.6670367,0.0331516670367
"146","2021-07-26","LP",10,12.178515085,-0.00421579184907418,0.993982170515377,0.986511485764953,"REF",6.9,0.967184834,0.267,26.7,14.4,0.16,6.15090482072405,72532.2631210471,0.0725322631210471
"147","2021-07-26","LP",11,3.77910622998148,0.00292325380962966,0.989059899099024,0.995476994257492,"REF",7.4,0.967184834,0.567,56.7,14.3,0.4,1.90527933735502,22467.2997297106,0.0224672997297106
"148","2021-07-26","LP",12,7.58514245729636,-0.000213518130555502,0.999659808359524,0.888971197605305,"REF",8.06666666666667,0.967184834,0.519,51.9,14,0.43,3.81506520810686,44987.7410825852,0.0449877410825852
"149","2021-07-27","FH",1,2.61965987881481,0.00145333309148149,0.925460098497025,0.508780427006112,"BDA",12.9333333333333,0.9750802204,0.106,10.6,19.3,0.15,1.30574555866479,15397.5200707243,0.0153975200707243
"150","2021-07-27","FH",2,1.94785911875926,0.000888072480185149,0.95308434749483,0.225957429938668,"BDA",13.1,0.9750802204,0.11,11,18.9,0.11,0.970327010433273,11442.2212805303,0.0114422212805303
"151","2021-07-27","FH",3,6.99751829846289,-0.00190805500666667,0.933128272870611,0.772736639128697,"BDA",13.3,0.9750802204,0.054,5.4,18.9,0.06,3.48338221819649,41076.4924780063,0.0410764924780063
"152","2021-07-27","FH",4,6.02551885492593,-0.000820075731111007,0.986594224160966,0.818018350313429,"BDA",12.2,0.9750802204,0.144,14.4,18.8,0.14,3.01108741934742,35507.1312833081,0.0355071312833081
"153","2021-07-27","FH",9,3.91920197024073,-0.00111108595000002,0.987402018421441,0.979225005085417,"REF",13.6333333333333,0.9750802204,0.14,14,18.2,0.13,1.94871974821931,22979.5546584942,0.0229795546584942
"154","2021-07-27","FH",10,31.3035500457407,-0.00188676379944452,0.987994546283585,0.996944820311514,"REF",14.1333333333333,0.9750802204,0.016,1.6,18,0.03,15.5377602334545,183223.273065051,0.183223273065051
"155","2021-07-27","FH",11,22.7382821999445,0.0168203655518518,0.967989443603725,0.970745691655053,"REF",13.7333333333333,0.9750802204,0.395,39.5,18,0.4,11.3020676986914,133275.440285039,0.133275440285039
"156","2021-07-27","FH",12,29.290338169074,0.00191503444296299,0.975466515224153,0.995470037630653,"REF",14,0.9750802204,0.075,7.5,17.9,0.07,14.5452411128561,171519.359558642,0.171519359558642
"157","2021-07-29","TP",1,23.4704976057593,-0.00668291578,0.991786780131624,0.998094160059571,"BDA",15.5333333333333,0.9681717573,0.349,34.9,21.3,0.29,11.5110993651548,135740.368661345,0.135740368661345
"158","2021-07-29","TP",2,23.6483486352037,0.00061570191111099,0.991824855547362,0.998015096571841,"BDA",15.9666666666667,0.9681717573,0.467,46.7,21.3,0.39,11.5809335488189,136563.862363816,0.136563862363816
"159","2021-07-29","TP",3,34.700024776,-0.00996129809740735,0.991053756197139,0.998974434297056,"BDA",16.5333333333333,0.9681717573,0.328,32.8,21.1,0.29,16.9598385289445,199992.6037755,0.1999926037755
"160","2021-07-29","TP",4,47.891650961463,-0.00777524590111118,0.993769599280099,0.999369265773948,"BDA",20.5,0.9681717573,0.27,27,20.9,0.27,23.0909713071189,272291.712420181,0.272291712420181
"161","2021-07-29","TP",5,29.6496461204074,0.052880658361111,0.981316832658175,0.987179711141499,"BDA",19.6333333333333,0.9681717573,0.167,16.7,20.9,0.1,14.3379221669617,169074.62780423,0.16907462780423
"162","2021-07-29","TP",6,29.2648799490556,-0.00828219294259268,0.974471037854783,0.992857278895431,"BDA",18.5333333333333,0.9681717573,0.358,35.8,21.1,0.3,14.2052547690947,167510.196734308,0.167510196734308
"163","2021-07-29","TP",7,24.5897700895556,-0.00449642273870368,0.985916239931852,0.991755075413295,"REF",23.9333333333333,0.9681717573,0.2,20,31.4,0.12,11.7188774613014,138190.514774761,0.138190514774761
"164","2021-07-29","TP",8,26.2340906534075,0.017330764444074,0.99630733530445,0.99432624978669,"REF",21.5666666666667,0.9681717573,0.329,32.9,30.4,0.16,12.6029703116378,148615.851715106,0.148615851715106
"165","2021-07-29","TP",9,18.0361803368703,0.0102332027648148,0.994723722928006,0.987524845039398,"REF",23.4333333333333,0.9681717573,0.419,41.9,30.1,0.23,8.61009671790452,101531.371211691,0.101531371211691
"166","2021-07-29","TP",10,24.0885149564629,-0.00121872089962967,0.994996176640017,0.99619427402604,"REF",32.2333333333333,0.9681717573,0.118,11.8,30.1,0.08,11.1678241245026,131692.422740602,0.131692422740602
"167","2021-07-29","TP",11,39.6619906262222,0.000919959235555489,0.994071291128172,0.998728216642265,"REF",27.5333333333333,0.9681717573,0.256,25.6,30.1,0.18,18.6755051495109,220223.965888541,0.220223965888541
"168","2021-07-29","TP",12,38.4053021250555,-0.00167971944629635,0.994041324835109,0.999899369900571,"REF",23.9,0.9681717573,0.312,31.2,30.1,0.19,18.305073915504,215855.792991,0.215855792991
"169","2021-08-09","LP",2,9.22482752455553,-0.00140533153759268,0.993669813987793,0.986116724188261,"BDA",11.8666666666667,0.9622502175,0.155,15.5,15.5,0.13,4.55452120128467,53707.5015449646,0.0537075015449646
"170","2021-08-09","LP",3,12.7304471153519,-0.000961398611666687,0.997577553004455,0.997224589498031,"BDA",10.8333333333333,0.9622502175,0.238,23.8,15.4,0.15,6.30821325127766,74387.2644271362,0.0743872644271362
"171","2021-08-09","LP",4,6.62185502650007,-0.000100299991666682,0.99816856340242,0.697668581725148,"BDA",9.23333333333333,0.9622502175,0.269,26.9,15,0.21,3.2998748573075,38912.5500057048,0.0389125500057048
"172","2021-08-09","LP",5,5.81293860792588,-0.000709876778518514,0.978667759486056,0.999421500080781,"BDA",9.1,0.9622502175,0.5,50,14.7,0.39,2.89813596898716,34175.1932097696,0.0341751932097696
"173","2021-08-09","LP",6,1.6348311089074,0.000326933843518486,0.999180209574142,0.974778578524648,"BDA",9.5,0.9622502175,0.409,40.9,14.4,0.32,0.813917802872081,9597.82372796869,0.00959782372796869
"174","2021-08-09","LP",7,6.27318228788886,-0.00128816148944451,0.993764846567842,0.999034525366744,"REF",9.6,0.9622502175,0.521,52.1,14,0.39,3.12206439815677,36815.7861336089,0.0368157861336089
"175","2021-08-09","LP",8,6.02011742361104,-0.000287723145370513,0.991369655854189,0.971393694713059,"REF",10.0666666666667,0.9622502175,0.507,50.7,13.8,0.39,2.99117855436383,35272.363379151,0.035272363379151
"176","2021-08-09","LP",10,7.89006236777766,-0.00374708433037034,0.912028307884365,0.963451655746471,"REF",12.8666666666667,0.9622502175,0.092,9.2,13.8,0.07,3.88188821793951,45775.7266347908,0.0457757266347908
"177","2021-08-09","LP",12,6.21814018488888,-0.0003280681444445,0.942357906544926,0.986846741826289,"REF",10.8666666666667,0.9622502175,0.492,49.2,13.5,0.41,3.08086180162659,36329.9198001341,0.0363299198001341
"178","2021-08-10","FH",4,3.09086961783335,0.00694245572703698,0.975748628903181,0.816864665879754,"BDA",13.5,0.977054067,0.151,15.1,15.2,0.15,1.54068106480836,18167.9098661684,0.0181679098661684
"179","2021-08-10","FH",6,2.18669141901853,-0.000982663159074,0.991382114870857,0.742459900769096,"BDA",13.6333333333333,0.977054067,0.086,8.6,15.4,0.09,1.08947555995928,12847.2363468656,0.0128472363468656
"180","2021-08-10","FH",7,2.33399303035185,-0.000216560461481507,0.967502443223304,0.803399746292663,"REF",13.1666666666667,0.977054067,0.21,21,15.5,0.4,1.16476200629766,13735.0238341415,0.0137350238341415
"181","2021-08-10","FH",9,6.22136903125928,-0.000629053454259349,0.982707218981967,0.989591578084596,"REF",13.3333333333333,0.977054067,0.234,23.4,15.5,0.26,3.10292115034464,36590.0464859033,0.0365900464859033
"182","2021-08-10","FH",10,18.1472452825926,-0.000488503014629665,0.998167756473993,0.996587379962945,"REF",12.9333333333333,0.977054067,0.145,14.5,15.5,0.14,9.0636391751856,106879.602375542,0.106879602375542
"183","2021-08-10","FH",11,15.5030012081482,0.0142582526375927,0.97414208270103,0.994627049958457,"REF",13.2,0.977054067,0.397,39.7,15.5,0.42,7.73575732469585,91221.0482960063,0.0912210482960063
"184","2021-08-10","FH",12,17.8567009753703,0.00360445589499998,0.993088993664137,0.987070523825384,"REF",13.2666666666667,0.977054067,0.113,11.3,15.5,0.1,8.90814199008082,105045.959509439,0.105045959509439
"185","2021-08-12","TP",1,17.9353530570927,-0.00252472019018518,0.953076615117162,0.99833082423446,"BDA",11.8333333333333,0.967184834,0.431,43.1,18.9,0.35,8.90157150249486,104968.479472223,0.104968479472223
"186","2021-08-12","TP",2,12.959281711,-0.0000681410690741832,0.972972043668981,0.00735085599859037,"BDA",11.5666666666667,0.967184834,0.404,40.4,18.6,0.31,6.43790362271818,75916.5900173968,0.0759165900173968
"187","2021-08-12","TP",3,22.5920230171111,-0.00287039117574068,0.95492733657423,0.99970290830176,"BDA",11.7333333333333,0.967184834,0.371,37.1,18.2,0.26,11.2166811940346,132268.551607152,0.132268551607152
"188","2021-08-12","TP",4,30.4156959412963,-0.00537486460759268,0.933906551101968,0.999637905582834,"BDA",13.0666666666667,0.967184834,0.371,37.1,18,0.33,15.0306606366039,177243.489202453,0.177243489202453
"189","2021-08-12","TP",5,22.7828569278334,0.0380664628118519,0.999996511851948,0.999748731979668,"BDA",14.3,0.967184834,0.45,45,17.7,0.53,11.2103745675966,132194.183054631,0.132194183054631
"190","2021-08-12","TP",6,13.4117714380926,-0.00262212007685184,0.947429437424079,0.98719275629158,"BDA",13.5333333333333,0.967184834,0.43,43,17.7,0.37,6.61696074756904,78028.0547322502,0.0780280547322502
"191","2021-08-12","TP",7,22.0607175333148,0.00137197488740748,0.988295643460382,0.976532721529337,"REF",17.1666666666667,0.967184834,0.368,36.8,25.9,0.21,10.7478025679122,126739.474361938,0.126739474361938
"192","2021-08-12","TP",8,16.3626875087037,0.016303758512037,0.995681281965746,0.997272698718801,"REF",17.3666666666667,0.967184834,0.326,32.6,25.6,0.17,7.96627774825954,93939.3748681168,0.0939393748681168
"193","2021-08-12","TP",9,9.95590517727777,0.00612282997111098,0.997258944070284,0.998869302559716,"REF",15.5,0.967184834,0.431,43.1,25.4,0.23,4.87845722042745,57527.3968708824,0.0575273968708824
"194","2021-08-12","TP",10,20.3703331831666,0.000283720245555497,0.999321713066397,0.964460427937092,"REF",28.6333333333333,0.967184834,0.235,23.5,25.4,0.15,9.54698776223327,112579.311266632,0.112579311266632
"195","2021-08-12","TP",11,25.9463324625926,0.000766975283518497,0.999991130384847,0.999795051205124,"REF",28.4,0.967184834,0.38,38,25.1,0.27,12.1697119115624,143506.812770496,0.143506812770496
"196","2021-08-12","TP",12,25.2824529741482,0.000478192924814821,0.983139586602663,0.9886844171477,"REF",18.2333333333333,0.967184834,0.356,35.6,24.9,0.21,12.2722923925801,144716.455035678,0.144716455035678
"197","2021-08-25","LP",1,-2.04859670968519,-0.000482260311851839,0.915360350139223,0.717008975770069,"BDA",16.4666666666667,0.9622502175,0.307,30.7,21.5,0.18,-0.995368786376233,-11737.5171328728,-0.0117375171328728
"198","2021-08-25","LP",2,4.75135571549999,-0.00161529540111118,0.950922736674104,0.985563410904303,"BDA",14.5333333333333,0.9622502175,0.182,18.2,21.5,0.12,2.32410343913595,27406.1275667887,0.0274061275667887
"199","2021-08-25","LP",3,5.98566614392591,-0.00088915734407417,0.945236791193769,0.975161962353216,"BDA",10.2666666666667,0.9622502175,0.163,16.3,21.1,0.08,2.971961128627,35045.7490157884,0.0350457490157884
"200","2021-08-25","LP",4,4.61697826005555,-0.00105302289314818,0.978447033370063,0.996910755372465,"BDA",7.83333333333333,0.9622502175,0.283,28.3,20.5,0.16,2.31225262754076,27266.3812676875,0.0272663812676875
"201","2021-08-25","LP",5,3.30735957616666,-0.00111409088148152,0.972956252092701,0.995887755801525,"BDA",7.9,0.9622502175,0.495,49.5,20.3,0.38,1.65598264748487,19527.5610031504,0.0195275610031504
"202","2021-08-25","LP",7,3.88185018612963,-0.00151404647388885,0.991843555342476,0.999999918680265,"REF",9.06666666666667,0.9622502175,0.453,45.3,19.3,0.29,1.93558884718994,22824.7133796518,0.0228247133796518
"203","2021-08-25","LP",8,4.69989250109258,-0.00107542489888884,0.996243120610797,0.990206385432307,"REF",9.43333333333333,0.9622502175,0.514,51.4,18.2,0.33,2.3404430600218,27598.806484108,0.027598806484108
"204","2021-08-25","LP",9,3.34788139685185,0.00923268358259265,0.920010934003507,0.981420198866698,"REF",9.2,0.9622502175,0.603,60.3,18,0.39,1.66854975511786,19675.7539575325,0.0196757539575326
"205","2021-08-25","LP",10,11.6580335611481,-0.00490697873407417,0.997311396349725,0.994634023490907,"REF",9,0.9622502175,0.153,15.3,17.9,0.09,5.81436511251826,68563.7434678053,0.0685637434678053
"206","2021-08-25","LP",11,2.10009880207408,0.000910207891481327,0.945799609256435,0.970510530963751,"REF",9.5,0.9622502175,0.519,51.9,17.3,0.32,1.04555620056729,12329.3335952582,0.0123293335952582
"207","2021-08-25","LP",12,3.94672859572221,-0.000792285434259342,0.987406989153343,0.99888816712766,"REF",14,0.9622502175,0.488,48.8,17.2,0.33,1.9341113452943,22807.2904866986,0.0228072904866986
"208","2021-08-26","FH",1,3.69739639301853,-0.001197218437963,0.995958049266873,0.916110346011298,"BDA",11.9,0.9800148369,0.223,22.3,14.1,0.37,1.85897822885926,21921.3110854227,0.0219213110854227
"209","2021-08-26","FH",3,8.41763634946295,-0.00243150955074084,0.987733198165449,0.982059891657961,"BDA",13.3666666666667,0.9800148369,0.104,10.4,14.1,0.12,4.21054618254987,49651.3037507997,0.0496513037507997
"210","2021-08-26","FH",4,8.4784405997592,-0.00186201276870368,0.982615571097441,0.93251492485004,"BDA",13.3666666666667,0.9800148369,0.208,20.8,14.1,0.22,4.24096078985042,50009.9567236133,0.0500099567236133
"211","2021-08-26","FH",5,6.32646926827773,-0.00239019827185184,0.989208453171581,0.997136956196471,"BDA",13.0666666666667,0.9800148369,0.224,22.4,14.1,0.25,3.16785202538109,37355.719740504,0.037355719740504
"212","2021-08-26","FH",6,2.41780160909258,-0.000110084185000015,0.901573851375234,0.692080248814666,"BDA",13.3333333333333,0.9800148369,0.072,7.2,14.1,0.08,1.20953793232211,14263.027329977,0.014263027329977
"213","2021-08-26","FH",8,1.1569586607037,-0.00026672735555568,0.917610015247712,0.657131919692242,"REF",12.2333333333333,0.9800148369,0.084,8.4,14.3,0.11,0.581016283213432,6851.4189635418,0.0068514189635418
"214","2021-08-26","FH",9,4.32691995824074,-0.000660944807963014,0.99911219342484,0.86488188751193,"REF",12.7,0.9800148369,0.306,30.6,14.3,0.35,2.16939862584476,25581.8284513282,0.0255818284513282
"215","2021-08-26","FH",10,15.581592415,-0.00042143725425934,0.999759880455303,0.867442253518003,"REF",12.1666666666667,0.9800148369,0.142,14.2,14.3,0.13,7.82679250293797,92294.5468614989,0.0922945468614989
"216","2021-08-26","FH",11,18.5557757272222,0.0120465853105555,0.997145267044227,0.995068757372132,"REF",11.9666666666667,0.9800148369,0.274,27.4,14.3,0.3,9.32729670604461,109988.685991611,0.109988685991611
"217","2021-08-26","FH",12,30.9061063930185,0.00353462532962949,0.997263743391776,0.996031705769349,"REF",13.2,0.9800148369,0.126,12.6,14.1,0.12,15.4684004095676,182405.373074265,0.182405373074265
"218","2021-08-29","TP",1,9.08238840790743,-0.00270176311500001,0.998790404428126,0.999762032365815,"BDA",6.6,0.9681717573,0.429,42.9,21.3,0.32,4.59677664387347,54205.7831749812,0.0542057831749812
"219","2021-08-29","TP",2,10.782792663963,0.000239373282777822,0.99659015365231,0.94715508452741,"BDA",6.03333333333333,0.9681717573,0.443,44.3,20.7,0.29,5.46846788343059,64484.8787211916,0.0644848787211916
"220","2021-08-29","TP",3,23.3029306523148,-0.00261458384037034,0.999573504401029,0.998760532041627,"BDA",5.53333333333333,0.9681717573,0.35,35,20.1,0.22,11.8392410963655,139609.85828651,0.13960985828651
"221","2021-08-29","TP",4,17.6432917112963,-0.00262649535370367,0.993028181445144,0.996142060907129,"BDA",8.4,0.9681717573,0.235,23.5,19.9,0.17,8.87250024837477,104625.667493408,0.104625667493408
"222","2021-08-29","TP",5,11.6304320227408,0.0436592765787037,0.973821578990336,0.998922345286083,"BDA",9.76666666666667,0.9681717573,0.474,47.4,20.3,0.43,5.82047105095259,68635.7454814973,0.0686357454814973
"223","2021-08-29","TP",6,7.76240998007405,-0.00210709093314818,0.992579509210357,0.999824363054717,"BDA",10.3333333333333,0.9681717573,0.433,43.3,20.1,0.29,3.87694289613081,45717.4107620694,0.0457174107620694
"224","2021-08-29","TP",7,13.6548912612592,-0.000630723192407516,0.998321200145015,0.997891563732851,"REF",19.5666666666667,0.9681717573,0.427,42.7,29.2,0.23,6.60471224486121,77883.618808246,0.077883618808246
"225","2021-08-29","TP",8,14.9940245543889,0.0119607988398147,0.998697525276184,0.995835803747115,"REF",14.3,0.9681717573,0.224,22.4,28.3,0.08,7.3853841541991,87089.4026708941,0.0870894026708941
"226","2021-08-29","TP",9,11.0875126396666,0.00527898837703699,0.992674575515543,0.99291117917243,"REF",13.6333333333333,0.9681717573,0.468,46.8,27.8,0.22,5.47391352436884,64549.0944216304,0.0645490944216304
"227","2021-08-29","TP",10,15.8517246335185,-0.000410744362777832,0.994788061993546,0.959395468727315,"REF",24.7,0.9681717573,0.26,26,26.4,0.14,7.5350854781515,88854.6999946148,0.0888546999946148
"228","2021-08-29","TP",11,17.1075450140371,-0.000527721447407341,0.9999886515446,0.86380777245776,"REF",19.6666666666667,0.9681717573,0.38,38,26.2,0.22,8.27189339485222,97543.2339975708,0.0975432339975708
"229","2021-08-29","TP",12,17.0392430372223,-0.00113338230203702,0.999239133878355,0.980974306877209,"REF",12.7666666666667,0.9681717573,0.329,32.9,25.6,0.15,8.43779999722571,99499.6260549359,0.0994996260549359
"230","2021-09-07","FH",2,3.16057542012963,-0.000696470562037007,0.931926676354802,0.233171307944765,"BDA",13.5666666666667,0.9800148369,0.129,12.9,13.4,0.13,1.57983316242325,18629.5964519169,0.0186295964519169
"231","2021-09-07","FH",3,4.65332143074073,-0.00283495873481485,0.999947730294835,0.999994737350522,"BDA",10.5666666666667,0.9800148369,0.028,2.8,13.5,0.04,2.35059936379202,27718.5709283434,0.0277185709283434
"232","2021-09-07","FH",4,2.61956158209258,-0.00072819127240751,0.950610247415782,0.983161848189562,"BDA",10.6666666666667,0.9800148369,0.006,0.6,14,0.03,1.32279043782356,15598.5154845771,0.0155985154845771
"233","2021-09-07","FH",6,1.6063231207963,0.000517109491111151,0.930557548017853,0.974293362685452,"BDA",9.7,0.9800148369,0.002,0.2,14.4,0.02,0.813912730979396,9597.76391955587,0.00959776391955587
"234","2021-09-07","FH",8,1.48355004309258,-0.000525316087592675,0.953013482696656,0.761115098997457,"REF",9.36666666666667,0.9800148369,0.056,5.6,14.9,0.09,0.75259185385112,8874.66022598288,0.00887466022598288
"235","2021-09-07","FH",9,-0.109009607185187,0.000129126372777827,0.952360704912174,0.896623680973374,"REF",10.3,0.9800148369,0.198,19.8,14.9,0.22,-0.0551174275374443,-649.951815744493,-0.000649951815744493
"236","2021-09-07","FH",10,15.7352844421853,-0.00157947938425934,0.999989214687239,0.952525324710506,"REF",10.3,0.9800148369,0.11,11,14.9,0.11,7.95607306932002,93819.0399776446,0.0938190399776446
"237","2021-09-07","FH",11,12.0232821994075,0.00736860980185182,0.995880040738951,0.996323714776448,"REF",10.3,0.9800148369,0.067,6.7,14.9,0.06,6.07921083746587,71686.8384218454,0.0716868384218455
"238","2021-09-07","FH",12,18.8890766334815,0.00252256469370365,0.996046429923788,0.992593743050951,"REF",15.1666666666667,0.9800148369,0.055,5.5,14.9,0.06,9.38939750042454,110720.986570026,0.110720986570026
"239","2021-09-08","LP",1,2.74094759687037,-0.00126221698759251,0.980751623028891,0.992882116884096,"BDA",18.7,0.9632371408,0.333,33.3,23.5,0.2,1.32292618371387,15600.116217627,0.015600116217627
"240","2021-09-08","LP",2,3.73155988024075,-0.00226928634185185,0.990866542295761,0.990981844498658,"BDA",17.6666666666667,0.9632371408,0.118,11.8,23.3,0.07,1.80745083909217,21313.6934581859,0.0213136934581859
"241","2021-09-08","LP",3,7.86431956559263,-0.00139443619277767,0.99998354723106,0.997037467127308,"BDA",11.5333333333333,0.9632371408,0.201,20.1,22.8,0.09,3.89134117845465,45887.1971646301,0.0458871971646301
"242","2021-09-08","LP",4,3.68535262992591,-0.00155375654314818,0.923094369872514,0.994258535433413,"BDA",9.66666666666667,0.9632371408,0.29,29,22.6,0.17,1.83559032764957,21645.5179372871,0.0216455179372871
"243","2021-09-08","LP",5,6.75392661779621,-0.00243687615314802,0.98073763742364,0.992005202694816,"BDA",9.86666666666667,0.9632371408,0.404,40.4,21.9,0.21,3.36159875162969,39640.4061300182,0.0396404061300182
"244","2021-09-08","LP",6,3.52078682066666,-0.000211202184259171,0.931640984218684,0.564956215986878,"BDA",11.9333333333333,0.9632371408,0.333,33.3,21.1,0.18,1.73967362778466,20514.4558390956,0.0205144558390956
"245","2021-09-08","LP",7,7.52648598659251,-0.00284670380555551,0.990897650859773,0.999935388973918,"REF",10.8,0.9632371408,0.433,43.3,20.5,0.27,3.73380106351849,44029.4638064143,0.0440294638064143
"246","2021-09-08","LP",8,6.7219617062407,-0.00284491690870368,0.923314997558593,0.999985463824453,"REF",11.2333333333333,0.9632371408,0.549,54.9,20.1,0.41,3.32960208336591,39263.0972902381,0.0392630972902381
"247","2021-09-08","LP",9,4.82737346351851,0.00213164125666665,0.996378839492877,0.994442107942805,"REF",10.9666666666667,0.9632371408,0.587,58.7,19.7,0.41,2.3933975606099,28223.2527862452,0.0282232527862452
"248","2021-09-08","LP",10,8.99713065296295,-0.00519872191648151,0.925435724248482,0.915033443454412,"REF",11.6,0.9632371408,0.069,6.9,19.3,0.04,4.45082419528354,52484.6930731448,0.0524846930731448
"249","2021-09-08","LP",11,3.66862941933333,0.000136840871851828,0.997434521984941,0.984827172371992,"REF",12.0333333333333,0.9632371408,0.377,37.7,18.9,0.18,1.8120889060023,21368.3861415071,0.0213683861415071
"250","2021-09-10","TP",8,17.3686883104629,0.00923909230777782,0.955046199841073,0.958952384773954,"REF",16.7,0.9612632942,0.142,14.2,21.9,0.05,8.42362402262426,99332.4611337156,0.0993324611337156
"251","2021-09-10","TP",9,9.74790488942597,0.00316080235370382,0.991695107378061,0.992075037354949,"REF",16.6333333333333,0.9612632942,0.47,47,21.9,0.26,4.72871553137781,55761.6235567279,0.0557616235567279
"252","2021-09-10","TP",10,13.8878260576667,-0.00150800254055568,0.973179768549799,0.953704922615469,"REF",17.8333333333333,0.9612632942,0.188,18.8,21.7,0.1,6.70919686756863,79115.71495787,0.07911571495787
"253","2021-09-10","TP",11,21.4621806737223,-0.000768794055926006,0.997399647538962,0.999180295800533,"REF",18.4,0.9612632942,0.178,17.8,21.5,0.12,10.3481984130396,122027.290618201,0.122027290618201
"254","2021-09-10","TP",12,24.613256359537,-0.00223382032388901,0.995764065500621,0.979528805655186,"REF",17.8,0.9612632942,0.293,29.3,21.5,0.18,11.8920060360973,140232.069262576,0.140232069262576
